Run	Matrix	Index
1	A	0
2	A	0
3	A	0
4	A	0
5	A	0
6	A	0
7	A	0
8	A	0
9	A	0
10	A	0
11	A	0
12	A	0
13	A	0
14	A	0
15	A	0
16	A	0
17	A	0
18	A	0
19	A	0
20	A	0
21	A	0
22	A	0
23	A	0
24	A	0
25	A	0
26	A	0
27	A	0
28	A	0
29	A	0
30	A	0
31	A	0
32	A	0
33	A	0
34	A	0
35	A	0
36	A	0
37	A	0
38	A	0
39	A	0
40	A	0
41	A	0
42	A	0
43	A	0
44	A	0
45	A	0
46	A	0
47	A	0
48	A	0
49	A	0
50	A	0
51	A	0
52	A	0
53	A	0
54	A	0
55	A	0
56	A	0
57	A	0
58	A	0
59	A	0
60	A	0
61	A	0
62	A	0
63	A	0
64	A	0
65	A	0
66	A	0
67	A	0
68	A	0
69	A	0
70	A	0
71	A	0
72	A	0
73	A	0
74	A	0
75	A	0
76	A	0
77	A	0
78	A	0
79	A	0
80	A	0
81	A	0
82	A	0
83	A	0
84	A	0
85	A	0
86	A	0
87	A	0
88	A	0
89	A	0
90	A	0
91	A	0
92	A	0
93	A	0
94	A	0
95	A	0
96	A	0
97	A	0
98	A	0
99	A	0
100	A	0
101	A	0
102	A	0
103	A	0
104	A	0
105	A	0
106	A	0
107	A	0
108	A	0
109	A	0
110	A	0
111	A	0
112	A	0
113	A	0
114	A	0
115	A	0
116	A	0
117	A	0
118	A	0
119	A	0
120	A	0
121	A	0
122	A	0
123	A	0
124	A	0
125	A	0
126	A	0
127	A	0
128	A	0
129	A	0
130	A	0
131	A	0
132	A	0
133	A	0
134	A	0
135	A	0
136	A	0
137	A	0
138	A	0
139	A	0
140	A	0
141	A	0
142	A	0
143	A	0
144	A	0
145	A	0
146	A	0
147	A	0
148	A	0
149	A	0
150	A	0
151	A	0
152	A	0
153	A	0
154	A	0
155	A	0
156	A	0
157	A	0
158	A	0
159	A	0
160	A	0
161	A	0
162	A	0
163	A	0
164	A	0
165	A	0
166	A	0
167	A	0
168	A	0
169	A	0
170	A	0
171	A	0
172	A	0
173	A	0
174	A	0
175	A	0
176	A	0
177	A	0
178	A	0
179	A	0
180	A	0
181	A	0
182	A	0
183	A	0
184	A	0
185	A	0
186	A	0
187	A	0
188	A	0
189	A	0
190	A	0
191	A	0
192	A	0
193	A	0
194	A	0
195	A	0
196	A	0
197	A	0
198	A	0
199	A	0
200	A	0
201	B	0
202	B	0
203	B	0
204	B	0
205	B	0
206	B	0
207	B	0
208	B	0
209	B	0
210	B	0
211	B	0
212	B	0
213	B	0
214	B	0
215	B	0
216	B	0
217	B	0
218	B	0
219	B	0
220	B	0
221	B	0
222	B	0
223	B	0
224	B	0
225	B	0
226	B	0
227	B	0
228	B	0
229	B	0
230	B	0
231	B	0
232	B	0
233	B	0
234	B	0
235	B	0
236	B	0
237	B	0
238	B	0
239	B	0
240	B	0
241	B	0
242	B	0
243	B	0
244	B	0
245	B	0
246	B	0
247	B	0
248	B	0
249	B	0
250	B	0
251	B	0
252	B	0
253	B	0
254	B	0
255	B	0
256	B	0
257	B	0
258	B	0
259	B	0
260	B	0
261	B	0
262	B	0
263	B	0
264	B	0
265	B	0
266	B	0
267	B	0
268	B	0
269	B	0
270	B	0
271	B	0
272	B	0
273	B	0
274	B	0
275	B	0
276	B	0
277	B	0
278	B	0
279	B	0
280	B	0
281	B	0
282	B	0
283	B	0
284	B	0
285	B	0
286	B	0
287	B	0
288	B	0
289	B	0
290	B	0
291	B	0
292	B	0
293	B	0
294	B	0
295	B	0
296	B	0
297	B	0
298	B	0
299	B	0
300	B	0
301	B	0
302	B	0
303	B	0
304	B	0
305	B	0
306	B	0
307	B	0
308	B	0
309	B	0
310	B	0
311	B	0
312	B	0
313	B	0
314	B	0
315	B	0
316	B	0
317	B	0
318	B	0
319	B	0
320	B	0
321	B	0
322	B	0
323	B	0
324	B	0
325	B	0
326	B	0
327	B	0
328	B	0
329	B	0
330	B	0
331	B	0
332	B	0
333	B	0
334	B	0
335	B	0
336	B	0
337	B	0
338	B	0
339	B	0
340	B	0
341	B	0
342	B	0
343	B	0
344	B	0
345	B	0
346	B	0
347	B	0
348	B	0
349	B	0
350	B	0
351	B	0
352	B	0
353	B	0
354	B	0
355	B	0
356	B	0
357	B	0
358	B	0
359	B	0
360	B	0
361	B	0
362	B	0
363	B	0
364	B	0
365	B	0
366	B	0
367	B	0
368	B	0
369	B	0
370	B	0
371	B	0
372	B	0
373	B	0
374	B	0
375	B	0
376	B	0
377	B	0
378	B	0
379	B	0
380	B	0
381	B	0
382	B	0
383	B	0
384	B	0
385	B	0
386	B	0
387	B	0
388	B	0
389	B	0
390	B	0
391	B	0
392	B	0
393	B	0
394	B	0
395	B	0
396	B	0
397	B	0
398	B	0
399	B	0
400	B	0
401	C	1
402	C	1
403	C	1
404	C	1
405	C	1
406	C	1
407	C	1
408	C	1
409	C	1
410	C	1
411	C	1
412	C	1
413	C	1
414	C	1
415	C	1
416	C	1
417	C	1
418	C	1
419	C	1
420	C	1
421	C	1
422	C	1
423	C	1
424	C	1
425	C	1
426	C	1
427	C	1
428	C	1
429	C	1
430	C	1
431	C	1
432	C	1
433	C	1
434	C	1
435	C	1
436	C	1
437	C	1
438	C	1
439	C	1
440	C	1
441	C	1
442	C	1
443	C	1
444	C	1
445	C	1
446	C	1
447	C	1
448	C	1
449	C	1
450	C	1
451	C	1
452	C	1
453	C	1
454	C	1
455	C	1
456	C	1
457	C	1
458	C	1
459	C	1
460	C	1
461	C	1
462	C	1
463	C	1
464	C	1
465	C	1
466	C	1
467	C	1
468	C	1
469	C	1
470	C	1
471	C	1
472	C	1
473	C	1
474	C	1
475	C	1
476	C	1
477	C	1
478	C	1
479	C	1
480	C	1
481	C	1
482	C	1
483	C	1
484	C	1
485	C	1
486	C	1
487	C	1
488	C	1
489	C	1
490	C	1
491	C	1
492	C	1
493	C	1
494	C	1
495	C	1
496	C	1
497	C	1
498	C	1
499	C	1
500	C	1
501	C	1
502	C	1
503	C	1
504	C	1
505	C	1
506	C	1
507	C	1
508	C	1
509	C	1
510	C	1
511	C	1
512	C	1
513	C	1
514	C	1
515	C	1
516	C	1
517	C	1
518	C	1
519	C	1
520	C	1
521	C	1
522	C	1
523	C	1
524	C	1
525	C	1
526	C	1
527	C	1
528	C	1
529	C	1
530	C	1
531	C	1
532	C	1
533	C	1
534	C	1
535	C	1
536	C	1
537	C	1
538	C	1
539	C	1
540	C	1
541	C	1
542	C	1
543	C	1
544	C	1
545	C	1
546	C	1
547	C	1
548	C	1
549	C	1
550	C	1
551	C	1
552	C	1
553	C	1
554	C	1
555	C	1
556	C	1
557	C	1
558	C	1
559	C	1
560	C	1
561	C	1
562	C	1
563	C	1
564	C	1
565	C	1
566	C	1
567	C	1
568	C	1
569	C	1
570	C	1
571	C	1
572	C	1
573	C	1
574	C	1
575	C	1
576	C	1
577	C	1
578	C	1
579	C	1
580	C	1
581	C	1
582	C	1
583	C	1
584	C	1
585	C	1
586	C	1
587	C	1
588	C	1
589	C	1
590	C	1
591	C	1
592	C	1
593	C	1
594	C	1
595	C	1
596	C	1
597	C	1
598	C	1
599	C	1
600	C	1
601	C	2
602	C	2
603	C	2
604	C	2
605	C	2
606	C	2
607	C	2
608	C	2
609	C	2
610	C	2
611	C	2
612	C	2
613	C	2
614	C	2
615	C	2
616	C	2
617	C	2
618	C	2
619	C	2
620	C	2
621	C	2
622	C	2
623	C	2
624	C	2
625	C	2
626	C	2
627	C	2
628	C	2
629	C	2
630	C	2
631	C	2
632	C	2
633	C	2
634	C	2
635	C	2
636	C	2
637	C	2
638	C	2
639	C	2
640	C	2
641	C	2
642	C	2
643	C	2
644	C	2
645	C	2
646	C	2
647	C	2
648	C	2
649	C	2
650	C	2
651	C	2
652	C	2
653	C	2
654	C	2
655	C	2
656	C	2
657	C	2
658	C	2
659	C	2
660	C	2
661	C	2
662	C	2
663	C	2
664	C	2
665	C	2
666	C	2
667	C	2
668	C	2
669	C	2
670	C	2
671	C	2
672	C	2
673	C	2
674	C	2
675	C	2
676	C	2
677	C	2
678	C	2
679	C	2
680	C	2
681	C	2
682	C	2
683	C	2
684	C	2
685	C	2
686	C	2
687	C	2
688	C	2
689	C	2
690	C	2
691	C	2
692	C	2
693	C	2
694	C	2
695	C	2
696	C	2
697	C	2
698	C	2
699	C	2
700	C	2
701	C	2
702	C	2
703	C	2
704	C	2
705	C	2
706	C	2
707	C	2
708	C	2
709	C	2
710	C	2
711	C	2
712	C	2
713	C	2
714	C	2
715	C	2
716	C	2
717	C	2
718	C	2
719	C	2
720	C	2
721	C	2
722	C	2
723	C	2
724	C	2
725	C	2
726	C	2
727	C	2
728	C	2
729	C	2
730	C	2
731	C	2
732	C	2
733	C	2
734	C	2
735	C	2
736	C	2
737	C	2
738	C	2
739	C	2
740	C	2
741	C	2
742	C	2
743	C	2
744	C	2
745	C	2
746	C	2
747	C	2
748	C	2
749	C	2
750	C	2
751	C	2
752	C	2
753	C	2
754	C	2
755	C	2
756	C	2
757	C	2
758	C	2
759	C	2
760	C	2
761	C	2
762	C	2
763	C	2
764	C	2
765	C	2
766	C	2
767	C	2
768	C	2
769	C	2
770	C	2
771	C	2
772	C	2
773	C	2
774	C	2
775	C	2
776	C	2
777	C	2
778	C	2
779	C	2
780	C	2
781	C	2
782	C	2
783	C	2
784	C	2
785	C	2
786	C	2
787	C	2
788	C	2
789	C	2
790	C	2
791	C	2
792	C	2
793	C	2
794	C	2
795	C	2
796	C	2
797	C	2
798	C	2
799	C	2
800	C	2
801	C	3
802	C	3
803	C	3
804	C	3
805	C	3
806	C	3
807	C	3
808	C	3
809	C	3
810	C	3
811	C	3
812	C	3
813	C	3
814	C	3
815	C	3
816	C	3
817	C	3
818	C	3
819	C	3
820	C	3
821	C	3
822	C	3
823	C	3
824	C	3
825	C	3
826	C	3
827	C	3
828	C	3
829	C	3
830	C	3
831	C	3
832	C	3
833	C	3
834	C	3
835	C	3
836	C	3
837	C	3
838	C	3
839	C	3
840	C	3
841	C	3
842	C	3
843	C	3
844	C	3
845	C	3
846	C	3
847	C	3
848	C	3
849	C	3
850	C	3
851	C	3
852	C	3
853	C	3
854	C	3
855	C	3
856	C	3
857	C	3
858	C	3
859	C	3
860	C	3
861	C	3
862	C	3
863	C	3
864	C	3
865	C	3
866	C	3
867	C	3
868	C	3
869	C	3
870	C	3
871	C	3
872	C	3
873	C	3
874	C	3
875	C	3
876	C	3
877	C	3
878	C	3
879	C	3
880	C	3
881	C	3
882	C	3
883	C	3
884	C	3
885	C	3
886	C	3
887	C	3
888	C	3
889	C	3
890	C	3
891	C	3
892	C	3
893	C	3
894	C	3
895	C	3
896	C	3
897	C	3
898	C	3
899	C	3
900	C	3
901	C	3
902	C	3
903	C	3
904	C	3
905	C	3
906	C	3
907	C	3
908	C	3
909	C	3
910	C	3
911	C	3
912	C	3
913	C	3
914	C	3
915	C	3
916	C	3
917	C	3
918	C	3
919	C	3
920	C	3
921	C	3
922	C	3
923	C	3
924	C	3
925	C	3
926	C	3
927	C	3
928	C	3
929	C	3
930	C	3
931	C	3
932	C	3
933	C	3
934	C	3
935	C	3
936	C	3
937	C	3
938	C	3
939	C	3
940	C	3
941	C	3
942	C	3
943	C	3
944	C	3
945	C	3
946	C	3
947	C	3
948	C	3
949	C	3
950	C	3
951	C	3
952	C	3
953	C	3
954	C	3
955	C	3
956	C	3
957	C	3
958	C	3
959	C	3
960	C	3
961	C	3
962	C	3
963	C	3
964	C	3
965	C	3
966	C	3
967	C	3
968	C	3
969	C	3
970	C	3
971	C	3
972	C	3
973	C	3
974	C	3
975	C	3
976	C	3
977	C	3
978	C	3
979	C	3
980	C	3
981	C	3
982	C	3
983	C	3
984	C	3
985	C	3
986	C	3
987	C	3
988	C	3
989	C	3
990	C	3
991	C	3
992	C	3
993	C	3
994	C	3
995	C	3
996	C	3
997	C	3
998	C	3
999	C	3
1000	C	3
1001	C	4
1002	C	4
1003	C	4
1004	C	4
1005	C	4
1006	C	4
1007	C	4
1008	C	4
1009	C	4
1010	C	4
1011	C	4
1012	C	4
1013	C	4
1014	C	4
1015	C	4
1016	C	4
1017	C	4
1018	C	4
1019	C	4
1020	C	4
1021	C	4
1022	C	4
1023	C	4
1024	C	4
1025	C	4
1026	C	4
1027	C	4
1028	C	4
1029	C	4
1030	C	4
1031	C	4
1032	C	4
1033	C	4
1034	C	4
1035	C	4
1036	C	4
1037	C	4
1038	C	4
1039	C	4
1040	C	4
1041	C	4
1042	C	4
1043	C	4
1044	C	4
1045	C	4
1046	C	4
1047	C	4
1048	C	4
1049	C	4
1050	C	4
1051	C	4
1052	C	4
1053	C	4
1054	C	4
1055	C	4
1056	C	4
1057	C	4
1058	C	4
1059	C	4
1060	C	4
1061	C	4
1062	C	4
1063	C	4
1064	C	4
1065	C	4
1066	C	4
1067	C	4
1068	C	4
1069	C	4
1070	C	4
1071	C	4
1072	C	4
1073	C	4
1074	C	4
1075	C	4
1076	C	4
1077	C	4
1078	C	4
1079	C	4
1080	C	4
1081	C	4
1082	C	4
1083	C	4
1084	C	4
1085	C	4
1086	C	4
1087	C	4
1088	C	4
1089	C	4
1090	C	4
1091	C	4
1092	C	4
1093	C	4
1094	C	4
1095	C	4
1096	C	4
1097	C	4
1098	C	4
1099	C	4
1100	C	4
1101	C	4
1102	C	4
1103	C	4
1104	C	4
1105	C	4
1106	C	4
1107	C	4
1108	C	4
1109	C	4
1110	C	4
1111	C	4
1112	C	4
1113	C	4
1114	C	4
1115	C	4
1116	C	4
1117	C	4
1118	C	4
1119	C	4
1120	C	4
1121	C	4
1122	C	4
1123	C	4
1124	C	4
1125	C	4
1126	C	4
1127	C	4
1128	C	4
1129	C	4
1130	C	4
1131	C	4
1132	C	4
1133	C	4
1134	C	4
1135	C	4
1136	C	4
1137	C	4
1138	C	4
1139	C	4
1140	C	4
1141	C	4
1142	C	4
1143	C	4
1144	C	4
1145	C	4
1146	C	4
1147	C	4
1148	C	4
1149	C	4
1150	C	4
1151	C	4
1152	C	4
1153	C	4
1154	C	4
1155	C	4
1156	C	4
1157	C	4
1158	C	4
1159	C	4
1160	C	4
1161	C	4
1162	C	4
1163	C	4
1164	C	4
1165	C	4
1166	C	4
1167	C	4
1168	C	4
1169	C	4
1170	C	4
1171	C	4
1172	C	4
1173	C	4
1174	C	4
1175	C	4
1176	C	4
1177	C	4
1178	C	4
1179	C	4
1180	C	4
1181	C	4
1182	C	4
1183	C	4
1184	C	4
1185	C	4
1186	C	4
1187	C	4
1188	C	4
1189	C	4
1190	C	4
1191	C	4
1192	C	4
1193	C	4
1194	C	4
1195	C	4
1196	C	4
1197	C	4
1198	C	4
1199	C	4
1200	C	4
1201	C	5
1202	C	5
1203	C	5
1204	C	5
1205	C	5
1206	C	5
1207	C	5
1208	C	5
1209	C	5
1210	C	5
1211	C	5
1212	C	5
1213	C	5
1214	C	5
1215	C	5
1216	C	5
1217	C	5
1218	C	5
1219	C	5
1220	C	5
1221	C	5
1222	C	5
1223	C	5
1224	C	5
1225	C	5
1226	C	5
1227	C	5
1228	C	5
1229	C	5
1230	C	5
1231	C	5
1232	C	5
1233	C	5
1234	C	5
1235	C	5
1236	C	5
1237	C	5
1238	C	5
1239	C	5
1240	C	5
1241	C	5
1242	C	5
1243	C	5
1244	C	5
1245	C	5
1246	C	5
1247	C	5
1248	C	5
1249	C	5
1250	C	5
1251	C	5
1252	C	5
1253	C	5
1254	C	5
1255	C	5
1256	C	5
1257	C	5
1258	C	5
1259	C	5
1260	C	5
1261	C	5
1262	C	5
1263	C	5
1264	C	5
1265	C	5
1266	C	5
1267	C	5
1268	C	5
1269	C	5
1270	C	5
1271	C	5
1272	C	5
1273	C	5
1274	C	5
1275	C	5
1276	C	5
1277	C	5
1278	C	5
1279	C	5
1280	C	5
1281	C	5
1282	C	5
1283	C	5
1284	C	5
1285	C	5
1286	C	5
1287	C	5
1288	C	5
1289	C	5
1290	C	5
1291	C	5
1292	C	5
1293	C	5
1294	C	5
1295	C	5
1296	C	5
1297	C	5
1298	C	5
1299	C	5
1300	C	5
1301	C	5
1302	C	5
1303	C	5
1304	C	5
1305	C	5
1306	C	5
1307	C	5
1308	C	5
1309	C	5
1310	C	5
1311	C	5
1312	C	5
1313	C	5
1314	C	5
1315	C	5
1316	C	5
1317	C	5
1318	C	5
1319	C	5
1320	C	5
1321	C	5
1322	C	5
1323	C	5
1324	C	5
1325	C	5
1326	C	5
1327	C	5
1328	C	5
1329	C	5
1330	C	5
1331	C	5
1332	C	5
1333	C	5
1334	C	5
1335	C	5
1336	C	5
1337	C	5
1338	C	5
1339	C	5
1340	C	5
1341	C	5
1342	C	5
1343	C	5
1344	C	5
1345	C	5
1346	C	5
1347	C	5
1348	C	5
1349	C	5
1350	C	5
1351	C	5
1352	C	5
1353	C	5
1354	C	5
1355	C	5
1356	C	5
1357	C	5
1358	C	5
1359	C	5
1360	C	5
1361	C	5
1362	C	5
1363	C	5
1364	C	5
1365	C	5
1366	C	5
1367	C	5
1368	C	5
1369	C	5
1370	C	5
1371	C	5
1372	C	5
1373	C	5
1374	C	5
1375	C	5
1376	C	5
1377	C	5
1378	C	5
1379	C	5
1380	C	5
1381	C	5
1382	C	5
1383	C	5
1384	C	5
1385	C	5
1386	C	5
1387	C	5
1388	C	5
1389	C	5
1390	C	5
1391	C	5
1392	C	5
1393	C	5
1394	C	5
1395	C	5
1396	C	5
1397	C	5
1398	C	5
1399	C	5
1400	C	5
1401	C	6
1402	C	6
1403	C	6
1404	C	6
1405	C	6
1406	C	6
1407	C	6
1408	C	6
1409	C	6
1410	C	6
1411	C	6
1412	C	6
1413	C	6
1414	C	6
1415	C	6
1416	C	6
1417	C	6
1418	C	6
1419	C	6
1420	C	6
1421	C	6
1422	C	6
1423	C	6
1424	C	6
1425	C	6
1426	C	6
1427	C	6
1428	C	6
1429	C	6
1430	C	6
1431	C	6
1432	C	6
1433	C	6
1434	C	6
1435	C	6
1436	C	6
1437	C	6
1438	C	6
1439	C	6
1440	C	6
1441	C	6
1442	C	6
1443	C	6
1444	C	6
1445	C	6
1446	C	6
1447	C	6
1448	C	6
1449	C	6
1450	C	6
1451	C	6
1452	C	6
1453	C	6
1454	C	6
1455	C	6
1456	C	6
1457	C	6
1458	C	6
1459	C	6
1460	C	6
1461	C	6
1462	C	6
1463	C	6
1464	C	6
1465	C	6
1466	C	6
1467	C	6
1468	C	6
1469	C	6
1470	C	6
1471	C	6
1472	C	6
1473	C	6
1474	C	6
1475	C	6
1476	C	6
1477	C	6
1478	C	6
1479	C	6
1480	C	6
1481	C	6
1482	C	6
1483	C	6
1484	C	6
1485	C	6
1486	C	6
1487	C	6
1488	C	6
1489	C	6
1490	C	6
1491	C	6
1492	C	6
1493	C	6
1494	C	6
1495	C	6
1496	C	6
1497	C	6
1498	C	6
1499	C	6
1500	C	6
1501	C	6
1502	C	6
1503	C	6
1504	C	6
1505	C	6
1506	C	6
1507	C	6
1508	C	6
1509	C	6
1510	C	6
1511	C	6
1512	C	6
1513	C	6
1514	C	6
1515	C	6
1516	C	6
1517	C	6
1518	C	6
1519	C	6
1520	C	6
1521	C	6
1522	C	6
1523	C	6
1524	C	6
1525	C	6
1526	C	6
1527	C	6
1528	C	6
1529	C	6
1530	C	6
1531	C	6
1532	C	6
1533	C	6
1534	C	6
1535	C	6
1536	C	6
1537	C	6
1538	C	6
1539	C	6
1540	C	6
1541	C	6
1542	C	6
1543	C	6
1544	C	6
1545	C	6
1546	C	6
1547	C	6
1548	C	6
1549	C	6
1550	C	6
1551	C	6
1552	C	6
1553	C	6
1554	C	6
1555	C	6
1556	C	6
1557	C	6
1558	C	6
1559	C	6
1560	C	6
1561	C	6
1562	C	6
1563	C	6
1564	C	6
1565	C	6
1566	C	6
1567	C	6
1568	C	6
1569	C	6
1570	C	6
1571	C	6
1572	C	6
1573	C	6
1574	C	6
1575	C	6
1576	C	6
1577	C	6
1578	C	6
1579	C	6
1580	C	6
1581	C	6
1582	C	6
1583	C	6
1584	C	6
1585	C	6
1586	C	6
1587	C	6
1588	C	6
1589	C	6
1590	C	6
1591	C	6
1592	C	6
1593	C	6
1594	C	6
1595	C	6
1596	C	6
1597	C	6
1598	C	6
1599	C	6
1600	C	6
1601	C	7
1602	C	7
1603	C	7
1604	C	7
1605	C	7
1606	C	7
1607	C	7
1608	C	7
1609	C	7
1610	C	7
1611	C	7
1612	C	7
1613	C	7
1614	C	7
1615	C	7
1616	C	7
1617	C	7
1618	C	7
1619	C	7
1620	C	7
1621	C	7
1622	C	7
1623	C	7
1624	C	7
1625	C	7
1626	C	7
1627	C	7
1628	C	7
1629	C	7
1630	C	7
1631	C	7
1632	C	7
1633	C	7
1634	C	7
1635	C	7
1636	C	7
1637	C	7
1638	C	7
1639	C	7
1640	C	7
1641	C	7
1642	C	7
1643	C	7
1644	C	7
1645	C	7
1646	C	7
1647	C	7
1648	C	7
1649	C	7
1650	C	7
1651	C	7
1652	C	7
1653	C	7
1654	C	7
1655	C	7
1656	C	7
1657	C	7
1658	C	7
1659	C	7
1660	C	7
1661	C	7
1662	C	7
1663	C	7
1664	C	7
1665	C	7
1666	C	7
1667	C	7
1668	C	7
1669	C	7
1670	C	7
1671	C	7
1672	C	7
1673	C	7
1674	C	7
1675	C	7
1676	C	7
1677	C	7
1678	C	7
1679	C	7
1680	C	7
1681	C	7
1682	C	7
1683	C	7
1684	C	7
1685	C	7
1686	C	7
1687	C	7
1688	C	7
1689	C	7
1690	C	7
1691	C	7
1692	C	7
1693	C	7
1694	C	7
1695	C	7
1696	C	7
1697	C	7
1698	C	7
1699	C	7
1700	C	7
1701	C	7
1702	C	7
1703	C	7
1704	C	7
1705	C	7
1706	C	7
1707	C	7
1708	C	7
1709	C	7
1710	C	7
1711	C	7
1712	C	7
1713	C	7
1714	C	7
1715	C	7
1716	C	7
1717	C	7
1718	C	7
1719	C	7
1720	C	7
1721	C	7
1722	C	7
1723	C	7
1724	C	7
1725	C	7
1726	C	7
1727	C	7
1728	C	7
1729	C	7
1730	C	7
1731	C	7
1732	C	7
1733	C	7
1734	C	7
1735	C	7
1736	C	7
1737	C	7
1738	C	7
1739	C	7
1740	C	7
1741	C	7
1742	C	7
1743	C	7
1744	C	7
1745	C	7
1746	C	7
1747	C	7
1748	C	7
1749	C	7
1750	C	7
1751	C	7
1752	C	7
1753	C	7
1754	C	7
1755	C	7
1756	C	7
1757	C	7
1758	C	7
1759	C	7
1760	C	7
1761	C	7
1762	C	7
1763	C	7
1764	C	7
1765	C	7
1766	C	7
1767	C	7
1768	C	7
1769	C	7
1770	C	7
1771	C	7
1772	C	7
1773	C	7
1774	C	7
1775	C	7
1776	C	7
1777	C	7
1778	C	7
1779	C	7
1780	C	7
1781	C	7
1782	C	7
1783	C	7
1784	C	7
1785	C	7
1786	C	7
1787	C	7
1788	C	7
1789	C	7
1790	C	7
1791	C	7
1792	C	7
1793	C	7
1794	C	7
1795	C	7
1796	C	7
1797	C	7
1798	C	7
1799	C	7
1800	C	7
1801	C	8
1802	C	8
1803	C	8
1804	C	8
1805	C	8
1806	C	8
1807	C	8
1808	C	8
1809	C	8
1810	C	8
1811	C	8
1812	C	8
1813	C	8
1814	C	8
1815	C	8
1816	C	8
1817	C	8
1818	C	8
1819	C	8
1820	C	8
1821	C	8
1822	C	8
1823	C	8
1824	C	8
1825	C	8
1826	C	8
1827	C	8
1828	C	8
1829	C	8
1830	C	8
1831	C	8
1832	C	8
1833	C	8
1834	C	8
1835	C	8
1836	C	8
1837	C	8
1838	C	8
1839	C	8
1840	C	8
1841	C	8
1842	C	8
1843	C	8
1844	C	8
1845	C	8
1846	C	8
1847	C	8
1848	C	8
1849	C	8
1850	C	8
1851	C	8
1852	C	8
1853	C	8
1854	C	8
1855	C	8
1856	C	8
1857	C	8
1858	C	8
1859	C	8
1860	C	8
1861	C	8
1862	C	8
1863	C	8
1864	C	8
1865	C	8
1866	C	8
1867	C	8
1868	C	8
1869	C	8
1870	C	8
1871	C	8
1872	C	8
1873	C	8
1874	C	8
1875	C	8
1876	C	8
1877	C	8
1878	C	8
1879	C	8
1880	C	8
1881	C	8
1882	C	8
1883	C	8
1884	C	8
1885	C	8
1886	C	8
1887	C	8
1888	C	8
1889	C	8
1890	C	8
1891	C	8
1892	C	8
1893	C	8
1894	C	8
1895	C	8
1896	C	8
1897	C	8
1898	C	8
1899	C	8
1900	C	8
1901	C	8
1902	C	8
1903	C	8
1904	C	8
1905	C	8
1906	C	8
1907	C	8
1908	C	8
1909	C	8
1910	C	8
1911	C	8
1912	C	8
1913	C	8
1914	C	8
1915	C	8
1916	C	8
1917	C	8
1918	C	8
1919	C	8
1920	C	8
1921	C	8
1922	C	8
1923	C	8
1924	C	8
1925	C	8
1926	C	8
1927	C	8
1928	C	8
1929	C	8
1930	C	8
1931	C	8
1932	C	8
1933	C	8
1934	C	8
1935	C	8
1936	C	8
1937	C	8
1938	C	8
1939	C	8
1940	C	8
1941	C	8
1942	C	8
1943	C	8
1944	C	8
1945	C	8
1946	C	8
1947	C	8
1948	C	8
1949	C	8
1950	C	8
1951	C	8
1952	C	8
1953	C	8
1954	C	8
1955	C	8
1956	C	8
1957	C	8
1958	C	8
1959	C	8
1960	C	8
1961	C	8
1962	C	8
1963	C	8
1964	C	8
1965	C	8
1966	C	8
1967	C	8
1968	C	8
1969	C	8
1970	C	8
1971	C	8
1972	C	8
1973	C	8
1974	C	8
1975	C	8
1976	C	8
1977	C	8
1978	C	8
1979	C	8
1980	C	8
1981	C	8
1982	C	8
1983	C	8
1984	C	8
1985	C	8
1986	C	8
1987	C	8
1988	C	8
1989	C	8
1990	C	8
1991	C	8
1992	C	8
1993	C	8
1994	C	8
1995	C	8
1996	C	8
1997	C	8
1998	C	8
1999	C	8
2000	C	8
2001	C	9
2002	C	9
2003	C	9
2004	C	9
2005	C	9
2006	C	9
2007	C	9
2008	C	9
2009	C	9
2010	C	9
2011	C	9
2012	C	9
2013	C	9
2014	C	9
2015	C	9
2016	C	9
2017	C	9
2018	C	9
2019	C	9
2020	C	9
2021	C	9
2022	C	9
2023	C	9
2024	C	9
2025	C	9
2026	C	9
2027	C	9
2028	C	9
2029	C	9
2030	C	9
2031	C	9
2032	C	9
2033	C	9
2034	C	9
2035	C	9
2036	C	9
2037	C	9
2038	C	9
2039	C	9
2040	C	9
2041	C	9
2042	C	9
2043	C	9
2044	C	9
2045	C	9
2046	C	9
2047	C	9
2048	C	9
2049	C	9
2050	C	9
2051	C	9
2052	C	9
2053	C	9
2054	C	9
2055	C	9
2056	C	9
2057	C	9
2058	C	9
2059	C	9
2060	C	9
2061	C	9
2062	C	9
2063	C	9
2064	C	9
2065	C	9
2066	C	9
2067	C	9
2068	C	9
2069	C	9
2070	C	9
2071	C	9
2072	C	9
2073	C	9
2074	C	9
2075	C	9
2076	C	9
2077	C	9
2078	C	9
2079	C	9
2080	C	9
2081	C	9
2082	C	9
2083	C	9
2084	C	9
2085	C	9
2086	C	9
2087	C	9
2088	C	9
2089	C	9
2090	C	9
2091	C	9
2092	C	9
2093	C	9
2094	C	9
2095	C	9
2096	C	9
2097	C	9
2098	C	9
2099	C	9
2100	C	9
2101	C	9
2102	C	9
2103	C	9
2104	C	9
2105	C	9
2106	C	9
2107	C	9
2108	C	9
2109	C	9
2110	C	9
2111	C	9
2112	C	9
2113	C	9
2114	C	9
2115	C	9
2116	C	9
2117	C	9
2118	C	9
2119	C	9
2120	C	9
2121	C	9
2122	C	9
2123	C	9
2124	C	9
2125	C	9
2126	C	9
2127	C	9
2128	C	9
2129	C	9
2130	C	9
2131	C	9
2132	C	9
2133	C	9
2134	C	9
2135	C	9
2136	C	9
2137	C	9
2138	C	9
2139	C	9
2140	C	9
2141	C	9
2142	C	9
2143	C	9
2144	C	9
2145	C	9
2146	C	9
2147	C	9
2148	C	9
2149	C	9
2150	C	9
2151	C	9
2152	C	9
2153	C	9
2154	C	9
2155	C	9
2156	C	9
2157	C	9
2158	C	9
2159	C	9
2160	C	9
2161	C	9
2162	C	9
2163	C	9
2164	C	9
2165	C	9
2166	C	9
2167	C	9
2168	C	9
2169	C	9
2170	C	9
2171	C	9
2172	C	9
2173	C	9
2174	C	9
2175	C	9
2176	C	9
2177	C	9
2178	C	9
2179	C	9
2180	C	9
2181	C	9
2182	C	9
2183	C	9
2184	C	9
2185	C	9
2186	C	9
2187	C	9
2188	C	9
2189	C	9
2190	C	9
2191	C	9
2192	C	9
2193	C	9
2194	C	9
2195	C	9
2196	C	9
2197	C	9
2198	C	9
2199	C	9
2200	C	9
2201	C	10
2202	C	10
2203	C	10
2204	C	10
2205	C	10
2206	C	10
2207	C	10
2208	C	10
2209	C	10
2210	C	10
2211	C	10
2212	C	10
2213	C	10
2214	C	10
2215	C	10
2216	C	10
2217	C	10
2218	C	10
2219	C	10
2220	C	10
2221	C	10
2222	C	10
2223	C	10
2224	C	10
2225	C	10
2226	C	10
2227	C	10
2228	C	10
2229	C	10
2230	C	10
2231	C	10
2232	C	10
2233	C	10
2234	C	10
2235	C	10
2236	C	10
2237	C	10
2238	C	10
2239	C	10
2240	C	10
2241	C	10
2242	C	10
2243	C	10
2244	C	10
2245	C	10
2246	C	10
2247	C	10
2248	C	10
2249	C	10
2250	C	10
2251	C	10
2252	C	10
2253	C	10
2254	C	10
2255	C	10
2256	C	10
2257	C	10
2258	C	10
2259	C	10
2260	C	10
2261	C	10
2262	C	10
2263	C	10
2264	C	10
2265	C	10
2266	C	10
2267	C	10
2268	C	10
2269	C	10
2270	C	10
2271	C	10
2272	C	10
2273	C	10
2274	C	10
2275	C	10
2276	C	10
2277	C	10
2278	C	10
2279	C	10
2280	C	10
2281	C	10
2282	C	10
2283	C	10
2284	C	10
2285	C	10
2286	C	10
2287	C	10
2288	C	10
2289	C	10
2290	C	10
2291	C	10
2292	C	10
2293	C	10
2294	C	10
2295	C	10
2296	C	10
2297	C	10
2298	C	10
2299	C	10
2300	C	10
2301	C	10
2302	C	10
2303	C	10
2304	C	10
2305	C	10
2306	C	10
2307	C	10
2308	C	10
2309	C	10
2310	C	10
2311	C	10
2312	C	10
2313	C	10
2314	C	10
2315	C	10
2316	C	10
2317	C	10
2318	C	10
2319	C	10
2320	C	10
2321	C	10
2322	C	10
2323	C	10
2324	C	10
2325	C	10
2326	C	10
2327	C	10
2328	C	10
2329	C	10
2330	C	10
2331	C	10
2332	C	10
2333	C	10
2334	C	10
2335	C	10
2336	C	10
2337	C	10
2338	C	10
2339	C	10
2340	C	10
2341	C	10
2342	C	10
2343	C	10
2344	C	10
2345	C	10
2346	C	10
2347	C	10
2348	C	10
2349	C	10
2350	C	10
2351	C	10
2352	C	10
2353	C	10
2354	C	10
2355	C	10
2356	C	10
2357	C	10
2358	C	10
2359	C	10
2360	C	10
2361	C	10
2362	C	10
2363	C	10
2364	C	10
2365	C	10
2366	C	10
2367	C	10
2368	C	10
2369	C	10
2370	C	10
2371	C	10
2372	C	10
2373	C	10
2374	C	10
2375	C	10
2376	C	10
2377	C	10
2378	C	10
2379	C	10
2380	C	10
2381	C	10
2382	C	10
2383	C	10
2384	C	10
2385	C	10
2386	C	10
2387	C	10
2388	C	10
2389	C	10
2390	C	10
2391	C	10
2392	C	10
2393	C	10
2394	C	10
2395	C	10
2396	C	10
2397	C	10
2398	C	10
2399	C	10
2400	C	10
2401	C	11
2402	C	11
2403	C	11
2404	C	11
2405	C	11
2406	C	11
2407	C	11
2408	C	11
2409	C	11
2410	C	11
2411	C	11
2412	C	11
2413	C	11
2414	C	11
2415	C	11
2416	C	11
2417	C	11
2418	C	11
2419	C	11
2420	C	11
2421	C	11
2422	C	11
2423	C	11
2424	C	11
2425	C	11
2426	C	11
2427	C	11
2428	C	11
2429	C	11
2430	C	11
2431	C	11
2432	C	11
2433	C	11
2434	C	11
2435	C	11
2436	C	11
2437	C	11
2438	C	11
2439	C	11
2440	C	11
2441	C	11
2442	C	11
2443	C	11
2444	C	11
2445	C	11
2446	C	11
2447	C	11
2448	C	11
2449	C	11
2450	C	11
2451	C	11
2452	C	11
2453	C	11
2454	C	11
2455	C	11
2456	C	11
2457	C	11
2458	C	11
2459	C	11
2460	C	11
2461	C	11
2462	C	11
2463	C	11
2464	C	11
2465	C	11
2466	C	11
2467	C	11
2468	C	11
2469	C	11
2470	C	11
2471	C	11
2472	C	11
2473	C	11
2474	C	11
2475	C	11
2476	C	11
2477	C	11
2478	C	11
2479	C	11
2480	C	11
2481	C	11
2482	C	11
2483	C	11
2484	C	11
2485	C	11
2486	C	11
2487	C	11
2488	C	11
2489	C	11
2490	C	11
2491	C	11
2492	C	11
2493	C	11
2494	C	11
2495	C	11
2496	C	11
2497	C	11
2498	C	11
2499	C	11
2500	C	11
2501	C	11
2502	C	11
2503	C	11
2504	C	11
2505	C	11
2506	C	11
2507	C	11
2508	C	11
2509	C	11
2510	C	11
2511	C	11
2512	C	11
2513	C	11
2514	C	11
2515	C	11
2516	C	11
2517	C	11
2518	C	11
2519	C	11
2520	C	11
2521	C	11
2522	C	11
2523	C	11
2524	C	11
2525	C	11
2526	C	11
2527	C	11
2528	C	11
2529	C	11
2530	C	11
2531	C	11
2532	C	11
2533	C	11
2534	C	11
2535	C	11
2536	C	11
2537	C	11
2538	C	11
2539	C	11
2540	C	11
2541	C	11
2542	C	11
2543	C	11
2544	C	11
2545	C	11
2546	C	11
2547	C	11
2548	C	11
2549	C	11
2550	C	11
2551	C	11
2552	C	11
2553	C	11
2554	C	11
2555	C	11
2556	C	11
2557	C	11
2558	C	11
2559	C	11
2560	C	11
2561	C	11
2562	C	11
2563	C	11
2564	C	11
2565	C	11
2566	C	11
2567	C	11
2568	C	11
2569	C	11
2570	C	11
2571	C	11
2572	C	11
2573	C	11
2574	C	11
2575	C	11
2576	C	11
2577	C	11
2578	C	11
2579	C	11
2580	C	11
2581	C	11
2582	C	11
2583	C	11
2584	C	11
2585	C	11
2586	C	11
2587	C	11
2588	C	11
2589	C	11
2590	C	11
2591	C	11
2592	C	11
2593	C	11
2594	C	11
2595	C	11
2596	C	11
2597	C	11
2598	C	11
2599	C	11
2600	C	11
2601	C	12
2602	C	12
2603	C	12
2604	C	12
2605	C	12
2606	C	12
2607	C	12
2608	C	12
2609	C	12
2610	C	12
2611	C	12
2612	C	12
2613	C	12
2614	C	12
2615	C	12
2616	C	12
2617	C	12
2618	C	12
2619	C	12
2620	C	12
2621	C	12
2622	C	12
2623	C	12
2624	C	12
2625	C	12
2626	C	12
2627	C	12
2628	C	12
2629	C	12
2630	C	12
2631	C	12
2632	C	12
2633	C	12
2634	C	12
2635	C	12
2636	C	12
2637	C	12
2638	C	12
2639	C	12
2640	C	12
2641	C	12
2642	C	12
2643	C	12
2644	C	12
2645	C	12
2646	C	12
2647	C	12
2648	C	12
2649	C	12
2650	C	12
2651	C	12
2652	C	12
2653	C	12
2654	C	12
2655	C	12
2656	C	12
2657	C	12
2658	C	12
2659	C	12
2660	C	12
2661	C	12
2662	C	12
2663	C	12
2664	C	12
2665	C	12
2666	C	12
2667	C	12
2668	C	12
2669	C	12
2670	C	12
2671	C	12
2672	C	12
2673	C	12
2674	C	12
2675	C	12
2676	C	12
2677	C	12
2678	C	12
2679	C	12
2680	C	12
2681	C	12
2682	C	12
2683	C	12
2684	C	12
2685	C	12
2686	C	12
2687	C	12
2688	C	12
2689	C	12
2690	C	12
2691	C	12
2692	C	12
2693	C	12
2694	C	12
2695	C	12
2696	C	12
2697	C	12
2698	C	12
2699	C	12
2700	C	12
2701	C	12
2702	C	12
2703	C	12
2704	C	12
2705	C	12
2706	C	12
2707	C	12
2708	C	12
2709	C	12
2710	C	12
2711	C	12
2712	C	12
2713	C	12
2714	C	12
2715	C	12
2716	C	12
2717	C	12
2718	C	12
2719	C	12
2720	C	12
2721	C	12
2722	C	12
2723	C	12
2724	C	12
2725	C	12
2726	C	12
2727	C	12
2728	C	12
2729	C	12
2730	C	12
2731	C	12
2732	C	12
2733	C	12
2734	C	12
2735	C	12
2736	C	12
2737	C	12
2738	C	12
2739	C	12
2740	C	12
2741	C	12
2742	C	12
2743	C	12
2744	C	12
2745	C	12
2746	C	12
2747	C	12
2748	C	12
2749	C	12
2750	C	12
2751	C	12
2752	C	12
2753	C	12
2754	C	12
2755	C	12
2756	C	12
2757	C	12
2758	C	12
2759	C	12
2760	C	12
2761	C	12
2762	C	12
2763	C	12
2764	C	12
2765	C	12
2766	C	12
2767	C	12
2768	C	12
2769	C	12
2770	C	12
2771	C	12
2772	C	12
2773	C	12
2774	C	12
2775	C	12
2776	C	12
2777	C	12
2778	C	12
2779	C	12
2780	C	12
2781	C	12
2782	C	12
2783	C	12
2784	C	12
2785	C	12
2786	C	12
2787	C	12
2788	C	12
2789	C	12
2790	C	12
2791	C	12
2792	C	12
2793	C	12
2794	C	12
2795	C	12
2796	C	12
2797	C	12
2798	C	12
2799	C	12
2800	C	12
2801	C	13
2802	C	13
2803	C	13
2804	C	13
2805	C	13
2806	C	13
2807	C	13
2808	C	13
2809	C	13
2810	C	13
2811	C	13
2812	C	13
2813	C	13
2814	C	13
2815	C	13
2816	C	13
2817	C	13
2818	C	13
2819	C	13
2820	C	13
2821	C	13
2822	C	13
2823	C	13
2824	C	13
2825	C	13
2826	C	13
2827	C	13
2828	C	13
2829	C	13
2830	C	13
2831	C	13
2832	C	13
2833	C	13
2834	C	13
2835	C	13
2836	C	13
2837	C	13
2838	C	13
2839	C	13
2840	C	13
2841	C	13
2842	C	13
2843	C	13
2844	C	13
2845	C	13
2846	C	13
2847	C	13
2848	C	13
2849	C	13
2850	C	13
2851	C	13
2852	C	13
2853	C	13
2854	C	13
2855	C	13
2856	C	13
2857	C	13
2858	C	13
2859	C	13
2860	C	13
2861	C	13
2862	C	13
2863	C	13
2864	C	13
2865	C	13
2866	C	13
2867	C	13
2868	C	13
2869	C	13
2870	C	13
2871	C	13
2872	C	13
2873	C	13
2874	C	13
2875	C	13
2876	C	13
2877	C	13
2878	C	13
2879	C	13
2880	C	13
2881	C	13
2882	C	13
2883	C	13
2884	C	13
2885	C	13
2886	C	13
2887	C	13
2888	C	13
2889	C	13
2890	C	13
2891	C	13
2892	C	13
2893	C	13
2894	C	13
2895	C	13
2896	C	13
2897	C	13
2898	C	13
2899	C	13
2900	C	13
2901	C	13
2902	C	13
2903	C	13
2904	C	13
2905	C	13
2906	C	13
2907	C	13
2908	C	13
2909	C	13
2910	C	13
2911	C	13
2912	C	13
2913	C	13
2914	C	13
2915	C	13
2916	C	13
2917	C	13
2918	C	13
2919	C	13
2920	C	13
2921	C	13
2922	C	13
2923	C	13
2924	C	13
2925	C	13
2926	C	13
2927	C	13
2928	C	13
2929	C	13
2930	C	13
2931	C	13
2932	C	13
2933	C	13
2934	C	13
2935	C	13
2936	C	13
2937	C	13
2938	C	13
2939	C	13
2940	C	13
2941	C	13
2942	C	13
2943	C	13
2944	C	13
2945	C	13
2946	C	13
2947	C	13
2948	C	13
2949	C	13
2950	C	13
2951	C	13
2952	C	13
2953	C	13
2954	C	13
2955	C	13
2956	C	13
2957	C	13
2958	C	13
2959	C	13
2960	C	13
2961	C	13
2962	C	13
2963	C	13
2964	C	13
2965	C	13
2966	C	13
2967	C	13
2968	C	13
2969	C	13
2970	C	13
2971	C	13
2972	C	13
2973	C	13
2974	C	13
2975	C	13
2976	C	13
2977	C	13
2978	C	13
2979	C	13
2980	C	13
2981	C	13
2982	C	13
2983	C	13
2984	C	13
2985	C	13
2986	C	13
2987	C	13
2988	C	13
2989	C	13
2990	C	13
2991	C	13
2992	C	13
2993	C	13
2994	C	13
2995	C	13
2996	C	13
2997	C	13
2998	C	13
2999	C	13
3000	C	13
3001	C	14
3002	C	14
3003	C	14
3004	C	14
3005	C	14
3006	C	14
3007	C	14
3008	C	14
3009	C	14
3010	C	14
3011	C	14
3012	C	14
3013	C	14
3014	C	14
3015	C	14
3016	C	14
3017	C	14
3018	C	14
3019	C	14
3020	C	14
3021	C	14
3022	C	14
3023	C	14
3024	C	14
3025	C	14
3026	C	14
3027	C	14
3028	C	14
3029	C	14
3030	C	14
3031	C	14
3032	C	14
3033	C	14
3034	C	14
3035	C	14
3036	C	14
3037	C	14
3038	C	14
3039	C	14
3040	C	14
3041	C	14
3042	C	14
3043	C	14
3044	C	14
3045	C	14
3046	C	14
3047	C	14
3048	C	14
3049	C	14
3050	C	14
3051	C	14
3052	C	14
3053	C	14
3054	C	14
3055	C	14
3056	C	14
3057	C	14
3058	C	14
3059	C	14
3060	C	14
3061	C	14
3062	C	14
3063	C	14
3064	C	14
3065	C	14
3066	C	14
3067	C	14
3068	C	14
3069	C	14
3070	C	14
3071	C	14
3072	C	14
3073	C	14
3074	C	14
3075	C	14
3076	C	14
3077	C	14
3078	C	14
3079	C	14
3080	C	14
3081	C	14
3082	C	14
3083	C	14
3084	C	14
3085	C	14
3086	C	14
3087	C	14
3088	C	14
3089	C	14
3090	C	14
3091	C	14
3092	C	14
3093	C	14
3094	C	14
3095	C	14
3096	C	14
3097	C	14
3098	C	14
3099	C	14
3100	C	14
3101	C	14
3102	C	14
3103	C	14
3104	C	14
3105	C	14
3106	C	14
3107	C	14
3108	C	14
3109	C	14
3110	C	14
3111	C	14
3112	C	14
3113	C	14
3114	C	14
3115	C	14
3116	C	14
3117	C	14
3118	C	14
3119	C	14
3120	C	14
3121	C	14
3122	C	14
3123	C	14
3124	C	14
3125	C	14
3126	C	14
3127	C	14
3128	C	14
3129	C	14
3130	C	14
3131	C	14
3132	C	14
3133	C	14
3134	C	14
3135	C	14
3136	C	14
3137	C	14
3138	C	14
3139	C	14
3140	C	14
3141	C	14
3142	C	14
3143	C	14
3144	C	14
3145	C	14
3146	C	14
3147	C	14
3148	C	14
3149	C	14
3150	C	14
3151	C	14
3152	C	14
3153	C	14
3154	C	14
3155	C	14
3156	C	14
3157	C	14
3158	C	14
3159	C	14
3160	C	14
3161	C	14
3162	C	14
3163	C	14
3164	C	14
3165	C	14
3166	C	14
3167	C	14
3168	C	14
3169	C	14
3170	C	14
3171	C	14
3172	C	14
3173	C	14
3174	C	14
3175	C	14
3176	C	14
3177	C	14
3178	C	14
3179	C	14
3180	C	14
3181	C	14
3182	C	14
3183	C	14
3184	C	14
3185	C	14
3186	C	14
3187	C	14
3188	C	14
3189	C	14
3190	C	14
3191	C	14
3192	C	14
3193	C	14
3194	C	14
3195	C	14
3196	C	14
3197	C	14
3198	C	14
3199	C	14
3200	C	14
3201	C	15
3202	C	15
3203	C	15
3204	C	15
3205	C	15
3206	C	15
3207	C	15
3208	C	15
3209	C	15
3210	C	15
3211	C	15
3212	C	15
3213	C	15
3214	C	15
3215	C	15
3216	C	15
3217	C	15
3218	C	15
3219	C	15
3220	C	15
3221	C	15
3222	C	15
3223	C	15
3224	C	15
3225	C	15
3226	C	15
3227	C	15
3228	C	15
3229	C	15
3230	C	15
3231	C	15
3232	C	15
3233	C	15
3234	C	15
3235	C	15
3236	C	15
3237	C	15
3238	C	15
3239	C	15
3240	C	15
3241	C	15
3242	C	15
3243	C	15
3244	C	15
3245	C	15
3246	C	15
3247	C	15
3248	C	15
3249	C	15
3250	C	15
3251	C	15
3252	C	15
3253	C	15
3254	C	15
3255	C	15
3256	C	15
3257	C	15
3258	C	15
3259	C	15
3260	C	15
3261	C	15
3262	C	15
3263	C	15
3264	C	15
3265	C	15
3266	C	15
3267	C	15
3268	C	15
3269	C	15
3270	C	15
3271	C	15
3272	C	15
3273	C	15
3274	C	15
3275	C	15
3276	C	15
3277	C	15
3278	C	15
3279	C	15
3280	C	15
3281	C	15
3282	C	15
3283	C	15
3284	C	15
3285	C	15
3286	C	15
3287	C	15
3288	C	15
3289	C	15
3290	C	15
3291	C	15
3292	C	15
3293	C	15
3294	C	15
3295	C	15
3296	C	15
3297	C	15
3298	C	15
3299	C	15
3300	C	15
3301	C	15
3302	C	15
3303	C	15
3304	C	15
3305	C	15
3306	C	15
3307	C	15
3308	C	15
3309	C	15
3310	C	15
3311	C	15
3312	C	15
3313	C	15
3314	C	15
3315	C	15
3316	C	15
3317	C	15
3318	C	15
3319	C	15
3320	C	15
3321	C	15
3322	C	15
3323	C	15
3324	C	15
3325	C	15
3326	C	15
3327	C	15
3328	C	15
3329	C	15
3330	C	15
3331	C	15
3332	C	15
3333	C	15
3334	C	15
3335	C	15
3336	C	15
3337	C	15
3338	C	15
3339	C	15
3340	C	15
3341	C	15
3342	C	15
3343	C	15
3344	C	15
3345	C	15
3346	C	15
3347	C	15
3348	C	15
3349	C	15
3350	C	15
3351	C	15
3352	C	15
3353	C	15
3354	C	15
3355	C	15
3356	C	15
3357	C	15
3358	C	15
3359	C	15
3360	C	15
3361	C	15
3362	C	15
3363	C	15
3364	C	15
3365	C	15
3366	C	15
3367	C	15
3368	C	15
3369	C	15
3370	C	15
3371	C	15
3372	C	15
3373	C	15
3374	C	15
3375	C	15
3376	C	15
3377	C	15
3378	C	15
3379	C	15
3380	C	15
3381	C	15
3382	C	15
3383	C	15
3384	C	15
3385	C	15
3386	C	15
3387	C	15
3388	C	15
3389	C	15
3390	C	15
3391	C	15
3392	C	15
3393	C	15
3394	C	15
3395	C	15
3396	C	15
3397	C	15
3398	C	15
3399	C	15
3400	C	15
3401	C	16
3402	C	16
3403	C	16
3404	C	16
3405	C	16
3406	C	16
3407	C	16
3408	C	16
3409	C	16
3410	C	16
3411	C	16
3412	C	16
3413	C	16
3414	C	16
3415	C	16
3416	C	16
3417	C	16
3418	C	16
3419	C	16
3420	C	16
3421	C	16
3422	C	16
3423	C	16
3424	C	16
3425	C	16
3426	C	16
3427	C	16
3428	C	16
3429	C	16
3430	C	16
3431	C	16
3432	C	16
3433	C	16
3434	C	16
3435	C	16
3436	C	16
3437	C	16
3438	C	16
3439	C	16
3440	C	16
3441	C	16
3442	C	16
3443	C	16
3444	C	16
3445	C	16
3446	C	16
3447	C	16
3448	C	16
3449	C	16
3450	C	16
3451	C	16
3452	C	16
3453	C	16
3454	C	16
3455	C	16
3456	C	16
3457	C	16
3458	C	16
3459	C	16
3460	C	16
3461	C	16
3462	C	16
3463	C	16
3464	C	16
3465	C	16
3466	C	16
3467	C	16
3468	C	16
3469	C	16
3470	C	16
3471	C	16
3472	C	16
3473	C	16
3474	C	16
3475	C	16
3476	C	16
3477	C	16
3478	C	16
3479	C	16
3480	C	16
3481	C	16
3482	C	16
3483	C	16
3484	C	16
3485	C	16
3486	C	16
3487	C	16
3488	C	16
3489	C	16
3490	C	16
3491	C	16
3492	C	16
3493	C	16
3494	C	16
3495	C	16
3496	C	16
3497	C	16
3498	C	16
3499	C	16
3500	C	16
3501	C	16
3502	C	16
3503	C	16
3504	C	16
3505	C	16
3506	C	16
3507	C	16
3508	C	16
3509	C	16
3510	C	16
3511	C	16
3512	C	16
3513	C	16
3514	C	16
3515	C	16
3516	C	16
3517	C	16
3518	C	16
3519	C	16
3520	C	16
3521	C	16
3522	C	16
3523	C	16
3524	C	16
3525	C	16
3526	C	16
3527	C	16
3528	C	16
3529	C	16
3530	C	16
3531	C	16
3532	C	16
3533	C	16
3534	C	16
3535	C	16
3536	C	16
3537	C	16
3538	C	16
3539	C	16
3540	C	16
3541	C	16
3542	C	16
3543	C	16
3544	C	16
3545	C	16
3546	C	16
3547	C	16
3548	C	16
3549	C	16
3550	C	16
3551	C	16
3552	C	16
3553	C	16
3554	C	16
3555	C	16
3556	C	16
3557	C	16
3558	C	16
3559	C	16
3560	C	16
3561	C	16
3562	C	16
3563	C	16
3564	C	16
3565	C	16
3566	C	16
3567	C	16
3568	C	16
3569	C	16
3570	C	16
3571	C	16
3572	C	16
3573	C	16
3574	C	16
3575	C	16
3576	C	16
3577	C	16
3578	C	16
3579	C	16
3580	C	16
3581	C	16
3582	C	16
3583	C	16
3584	C	16
3585	C	16
3586	C	16
3587	C	16
3588	C	16
3589	C	16
3590	C	16
3591	C	16
3592	C	16
3593	C	16
3594	C	16
3595	C	16
3596	C	16
3597	C	16
3598	C	16
3599	C	16
3600	C	16
3601	C	17
3602	C	17
3603	C	17
3604	C	17
3605	C	17
3606	C	17
3607	C	17
3608	C	17
3609	C	17
3610	C	17
3611	C	17
3612	C	17
3613	C	17
3614	C	17
3615	C	17
3616	C	17
3617	C	17
3618	C	17
3619	C	17
3620	C	17
3621	C	17
3622	C	17
3623	C	17
3624	C	17
3625	C	17
3626	C	17
3627	C	17
3628	C	17
3629	C	17
3630	C	17
3631	C	17
3632	C	17
3633	C	17
3634	C	17
3635	C	17
3636	C	17
3637	C	17
3638	C	17
3639	C	17
3640	C	17
3641	C	17
3642	C	17
3643	C	17
3644	C	17
3645	C	17
3646	C	17
3647	C	17
3648	C	17
3649	C	17
3650	C	17
3651	C	17
3652	C	17
3653	C	17
3654	C	17
3655	C	17
3656	C	17
3657	C	17
3658	C	17
3659	C	17
3660	C	17
3661	C	17
3662	C	17
3663	C	17
3664	C	17
3665	C	17
3666	C	17
3667	C	17
3668	C	17
3669	C	17
3670	C	17
3671	C	17
3672	C	17
3673	C	17
3674	C	17
3675	C	17
3676	C	17
3677	C	17
3678	C	17
3679	C	17
3680	C	17
3681	C	17
3682	C	17
3683	C	17
3684	C	17
3685	C	17
3686	C	17
3687	C	17
3688	C	17
3689	C	17
3690	C	17
3691	C	17
3692	C	17
3693	C	17
3694	C	17
3695	C	17
3696	C	17
3697	C	17
3698	C	17
3699	C	17
3700	C	17
3701	C	17
3702	C	17
3703	C	17
3704	C	17
3705	C	17
3706	C	17
3707	C	17
3708	C	17
3709	C	17
3710	C	17
3711	C	17
3712	C	17
3713	C	17
3714	C	17
3715	C	17
3716	C	17
3717	C	17
3718	C	17
3719	C	17
3720	C	17
3721	C	17
3722	C	17
3723	C	17
3724	C	17
3725	C	17
3726	C	17
3727	C	17
3728	C	17
3729	C	17
3730	C	17
3731	C	17
3732	C	17
3733	C	17
3734	C	17
3735	C	17
3736	C	17
3737	C	17
3738	C	17
3739	C	17
3740	C	17
3741	C	17
3742	C	17
3743	C	17
3744	C	17
3745	C	17
3746	C	17
3747	C	17
3748	C	17
3749	C	17
3750	C	17
3751	C	17
3752	C	17
3753	C	17
3754	C	17
3755	C	17
3756	C	17
3757	C	17
3758	C	17
3759	C	17
3760	C	17
3761	C	17
3762	C	17
3763	C	17
3764	C	17
3765	C	17
3766	C	17
3767	C	17
3768	C	17
3769	C	17
3770	C	17
3771	C	17
3772	C	17
3773	C	17
3774	C	17
3775	C	17
3776	C	17
3777	C	17
3778	C	17
3779	C	17
3780	C	17
3781	C	17
3782	C	17
3783	C	17
3784	C	17
3785	C	17
3786	C	17
3787	C	17
3788	C	17
3789	C	17
3790	C	17
3791	C	17
3792	C	17
3793	C	17
3794	C	17
3795	C	17
3796	C	17
3797	C	17
3798	C	17
3799	C	17
3800	C	17
3801	C	18
3802	C	18
3803	C	18
3804	C	18
3805	C	18
3806	C	18
3807	C	18
3808	C	18
3809	C	18
3810	C	18
3811	C	18
3812	C	18
3813	C	18
3814	C	18
3815	C	18
3816	C	18
3817	C	18
3818	C	18
3819	C	18
3820	C	18
3821	C	18
3822	C	18
3823	C	18
3824	C	18
3825	C	18
3826	C	18
3827	C	18
3828	C	18
3829	C	18
3830	C	18
3831	C	18
3832	C	18
3833	C	18
3834	C	18
3835	C	18
3836	C	18
3837	C	18
3838	C	18
3839	C	18
3840	C	18
3841	C	18
3842	C	18
3843	C	18
3844	C	18
3845	C	18
3846	C	18
3847	C	18
3848	C	18
3849	C	18
3850	C	18
3851	C	18
3852	C	18
3853	C	18
3854	C	18
3855	C	18
3856	C	18
3857	C	18
3858	C	18
3859	C	18
3860	C	18
3861	C	18
3862	C	18
3863	C	18
3864	C	18
3865	C	18
3866	C	18
3867	C	18
3868	C	18
3869	C	18
3870	C	18
3871	C	18
3872	C	18
3873	C	18
3874	C	18
3875	C	18
3876	C	18
3877	C	18
3878	C	18
3879	C	18
3880	C	18
3881	C	18
3882	C	18
3883	C	18
3884	C	18
3885	C	18
3886	C	18
3887	C	18
3888	C	18
3889	C	18
3890	C	18
3891	C	18
3892	C	18
3893	C	18
3894	C	18
3895	C	18
3896	C	18
3897	C	18
3898	C	18
3899	C	18
3900	C	18
3901	C	18
3902	C	18
3903	C	18
3904	C	18
3905	C	18
3906	C	18
3907	C	18
3908	C	18
3909	C	18
3910	C	18
3911	C	18
3912	C	18
3913	C	18
3914	C	18
3915	C	18
3916	C	18
3917	C	18
3918	C	18
3919	C	18
3920	C	18
3921	C	18
3922	C	18
3923	C	18
3924	C	18
3925	C	18
3926	C	18
3927	C	18
3928	C	18
3929	C	18
3930	C	18
3931	C	18
3932	C	18
3933	C	18
3934	C	18
3935	C	18
3936	C	18
3937	C	18
3938	C	18
3939	C	18
3940	C	18
3941	C	18
3942	C	18
3943	C	18
3944	C	18
3945	C	18
3946	C	18
3947	C	18
3948	C	18
3949	C	18
3950	C	18
3951	C	18
3952	C	18
3953	C	18
3954	C	18
3955	C	18
3956	C	18
3957	C	18
3958	C	18
3959	C	18
3960	C	18
3961	C	18
3962	C	18
3963	C	18
3964	C	18
3965	C	18
3966	C	18
3967	C	18
3968	C	18
3969	C	18
3970	C	18
3971	C	18
3972	C	18
3973	C	18
3974	C	18
3975	C	18
3976	C	18
3977	C	18
3978	C	18
3979	C	18
3980	C	18
3981	C	18
3982	C	18
3983	C	18
3984	C	18
3985	C	18
3986	C	18
3987	C	18
3988	C	18
3989	C	18
3990	C	18
3991	C	18
3992	C	18
3993	C	18
3994	C	18
3995	C	18
3996	C	18
3997	C	18
3998	C	18
3999	C	18
4000	C	18
4001	C	19
4002	C	19
4003	C	19
4004	C	19
4005	C	19
4006	C	19
4007	C	19
4008	C	19
4009	C	19
4010	C	19
4011	C	19
4012	C	19
4013	C	19
4014	C	19
4015	C	19
4016	C	19
4017	C	19
4018	C	19
4019	C	19
4020	C	19
4021	C	19
4022	C	19
4023	C	19
4024	C	19
4025	C	19
4026	C	19
4027	C	19
4028	C	19
4029	C	19
4030	C	19
4031	C	19
4032	C	19
4033	C	19
4034	C	19
4035	C	19
4036	C	19
4037	C	19
4038	C	19
4039	C	19
4040	C	19
4041	C	19
4042	C	19
4043	C	19
4044	C	19
4045	C	19
4046	C	19
4047	C	19
4048	C	19
4049	C	19
4050	C	19
4051	C	19
4052	C	19
4053	C	19
4054	C	19
4055	C	19
4056	C	19
4057	C	19
4058	C	19
4059	C	19
4060	C	19
4061	C	19
4062	C	19
4063	C	19
4064	C	19
4065	C	19
4066	C	19
4067	C	19
4068	C	19
4069	C	19
4070	C	19
4071	C	19
4072	C	19
4073	C	19
4074	C	19
4075	C	19
4076	C	19
4077	C	19
4078	C	19
4079	C	19
4080	C	19
4081	C	19
4082	C	19
4083	C	19
4084	C	19
4085	C	19
4086	C	19
4087	C	19
4088	C	19
4089	C	19
4090	C	19
4091	C	19
4092	C	19
4093	C	19
4094	C	19
4095	C	19
4096	C	19
4097	C	19
4098	C	19
4099	C	19
4100	C	19
4101	C	19
4102	C	19
4103	C	19
4104	C	19
4105	C	19
4106	C	19
4107	C	19
4108	C	19
4109	C	19
4110	C	19
4111	C	19
4112	C	19
4113	C	19
4114	C	19
4115	C	19
4116	C	19
4117	C	19
4118	C	19
4119	C	19
4120	C	19
4121	C	19
4122	C	19
4123	C	19
4124	C	19
4125	C	19
4126	C	19
4127	C	19
4128	C	19
4129	C	19
4130	C	19
4131	C	19
4132	C	19
4133	C	19
4134	C	19
4135	C	19
4136	C	19
4137	C	19
4138	C	19
4139	C	19
4140	C	19
4141	C	19
4142	C	19
4143	C	19
4144	C	19
4145	C	19
4146	C	19
4147	C	19
4148	C	19
4149	C	19
4150	C	19
4151	C	19
4152	C	19
4153	C	19
4154	C	19
4155	C	19
4156	C	19
4157	C	19
4158	C	19
4159	C	19
4160	C	19
4161	C	19
4162	C	19
4163	C	19
4164	C	19
4165	C	19
4166	C	19
4167	C	19
4168	C	19
4169	C	19
4170	C	19
4171	C	19
4172	C	19
4173	C	19
4174	C	19
4175	C	19
4176	C	19
4177	C	19
4178	C	19
4179	C	19
4180	C	19
4181	C	19
4182	C	19
4183	C	19
4184	C	19
4185	C	19
4186	C	19
4187	C	19
4188	C	19
4189	C	19
4190	C	19
4191	C	19
4192	C	19
4193	C	19
4194	C	19
4195	C	19
4196	C	19
4197	C	19
4198	C	19
4199	C	19
4200	C	19
4201	C	20
4202	C	20
4203	C	20
4204	C	20
4205	C	20
4206	C	20
4207	C	20
4208	C	20
4209	C	20
4210	C	20
4211	C	20
4212	C	20
4213	C	20
4214	C	20
4215	C	20
4216	C	20
4217	C	20
4218	C	20
4219	C	20
4220	C	20
4221	C	20
4222	C	20
4223	C	20
4224	C	20
4225	C	20
4226	C	20
4227	C	20
4228	C	20
4229	C	20
4230	C	20
4231	C	20
4232	C	20
4233	C	20
4234	C	20
4235	C	20
4236	C	20
4237	C	20
4238	C	20
4239	C	20
4240	C	20
4241	C	20
4242	C	20
4243	C	20
4244	C	20
4245	C	20
4246	C	20
4247	C	20
4248	C	20
4249	C	20
4250	C	20
4251	C	20
4252	C	20
4253	C	20
4254	C	20
4255	C	20
4256	C	20
4257	C	20
4258	C	20
4259	C	20
4260	C	20
4261	C	20
4262	C	20
4263	C	20
4264	C	20
4265	C	20
4266	C	20
4267	C	20
4268	C	20
4269	C	20
4270	C	20
4271	C	20
4272	C	20
4273	C	20
4274	C	20
4275	C	20
4276	C	20
4277	C	20
4278	C	20
4279	C	20
4280	C	20
4281	C	20
4282	C	20
4283	C	20
4284	C	20
4285	C	20
4286	C	20
4287	C	20
4288	C	20
4289	C	20
4290	C	20
4291	C	20
4292	C	20
4293	C	20
4294	C	20
4295	C	20
4296	C	20
4297	C	20
4298	C	20
4299	C	20
4300	C	20
4301	C	20
4302	C	20
4303	C	20
4304	C	20
4305	C	20
4306	C	20
4307	C	20
4308	C	20
4309	C	20
4310	C	20
4311	C	20
4312	C	20
4313	C	20
4314	C	20
4315	C	20
4316	C	20
4317	C	20
4318	C	20
4319	C	20
4320	C	20
4321	C	20
4322	C	20
4323	C	20
4324	C	20
4325	C	20
4326	C	20
4327	C	20
4328	C	20
4329	C	20
4330	C	20
4331	C	20
4332	C	20
4333	C	20
4334	C	20
4335	C	20
4336	C	20
4337	C	20
4338	C	20
4339	C	20
4340	C	20
4341	C	20
4342	C	20
4343	C	20
4344	C	20
4345	C	20
4346	C	20
4347	C	20
4348	C	20
4349	C	20
4350	C	20
4351	C	20
4352	C	20
4353	C	20
4354	C	20
4355	C	20
4356	C	20
4357	C	20
4358	C	20
4359	C	20
4360	C	20
4361	C	20
4362	C	20
4363	C	20
4364	C	20
4365	C	20
4366	C	20
4367	C	20
4368	C	20
4369	C	20
4370	C	20
4371	C	20
4372	C	20
4373	C	20
4374	C	20
4375	C	20
4376	C	20
4377	C	20
4378	C	20
4379	C	20
4380	C	20
4381	C	20
4382	C	20
4383	C	20
4384	C	20
4385	C	20
4386	C	20
4387	C	20
4388	C	20
4389	C	20
4390	C	20
4391	C	20
4392	C	20
4393	C	20
4394	C	20
4395	C	20
4396	C	20
4397	C	20
4398	C	20
4399	C	20
4400	C	20
4401	C	21
4402	C	21
4403	C	21
4404	C	21
4405	C	21
4406	C	21
4407	C	21
4408	C	21
4409	C	21
4410	C	21
4411	C	21
4412	C	21
4413	C	21
4414	C	21
4415	C	21
4416	C	21
4417	C	21
4418	C	21
4419	C	21
4420	C	21
4421	C	21
4422	C	21
4423	C	21
4424	C	21
4425	C	21
4426	C	21
4427	C	21
4428	C	21
4429	C	21
4430	C	21
4431	C	21
4432	C	21
4433	C	21
4434	C	21
4435	C	21
4436	C	21
4437	C	21
4438	C	21
4439	C	21
4440	C	21
4441	C	21
4442	C	21
4443	C	21
4444	C	21
4445	C	21
4446	C	21
4447	C	21
4448	C	21
4449	C	21
4450	C	21
4451	C	21
4452	C	21
4453	C	21
4454	C	21
4455	C	21
4456	C	21
4457	C	21
4458	C	21
4459	C	21
4460	C	21
4461	C	21
4462	C	21
4463	C	21
4464	C	21
4465	C	21
4466	C	21
4467	C	21
4468	C	21
4469	C	21
4470	C	21
4471	C	21
4472	C	21
4473	C	21
4474	C	21
4475	C	21
4476	C	21
4477	C	21
4478	C	21
4479	C	21
4480	C	21
4481	C	21
4482	C	21
4483	C	21
4484	C	21
4485	C	21
4486	C	21
4487	C	21
4488	C	21
4489	C	21
4490	C	21
4491	C	21
4492	C	21
4493	C	21
4494	C	21
4495	C	21
4496	C	21
4497	C	21
4498	C	21
4499	C	21
4500	C	21
4501	C	21
4502	C	21
4503	C	21
4504	C	21
4505	C	21
4506	C	21
4507	C	21
4508	C	21
4509	C	21
4510	C	21
4511	C	21
4512	C	21
4513	C	21
4514	C	21
4515	C	21
4516	C	21
4517	C	21
4518	C	21
4519	C	21
4520	C	21
4521	C	21
4522	C	21
4523	C	21
4524	C	21
4525	C	21
4526	C	21
4527	C	21
4528	C	21
4529	C	21
4530	C	21
4531	C	21
4532	C	21
4533	C	21
4534	C	21
4535	C	21
4536	C	21
4537	C	21
4538	C	21
4539	C	21
4540	C	21
4541	C	21
4542	C	21
4543	C	21
4544	C	21
4545	C	21
4546	C	21
4547	C	21
4548	C	21
4549	C	21
4550	C	21
4551	C	21
4552	C	21
4553	C	21
4554	C	21
4555	C	21
4556	C	21
4557	C	21
4558	C	21
4559	C	21
4560	C	21
4561	C	21
4562	C	21
4563	C	21
4564	C	21
4565	C	21
4566	C	21
4567	C	21
4568	C	21
4569	C	21
4570	C	21
4571	C	21
4572	C	21
4573	C	21
4574	C	21
4575	C	21
4576	C	21
4577	C	21
4578	C	21
4579	C	21
4580	C	21
4581	C	21
4582	C	21
4583	C	21
4584	C	21
4585	C	21
4586	C	21
4587	C	21
4588	C	21
4589	C	21
4590	C	21
4591	C	21
4592	C	21
4593	C	21
4594	C	21
4595	C	21
4596	C	21
4597	C	21
4598	C	21
4599	C	21
4600	C	21
4601	C	22
4602	C	22
4603	C	22
4604	C	22
4605	C	22
4606	C	22
4607	C	22
4608	C	22
4609	C	22
4610	C	22
4611	C	22
4612	C	22
4613	C	22
4614	C	22
4615	C	22
4616	C	22
4617	C	22
4618	C	22
4619	C	22
4620	C	22
4621	C	22
4622	C	22
4623	C	22
4624	C	22
4625	C	22
4626	C	22
4627	C	22
4628	C	22
4629	C	22
4630	C	22
4631	C	22
4632	C	22
4633	C	22
4634	C	22
4635	C	22
4636	C	22
4637	C	22
4638	C	22
4639	C	22
4640	C	22
4641	C	22
4642	C	22
4643	C	22
4644	C	22
4645	C	22
4646	C	22
4647	C	22
4648	C	22
4649	C	22
4650	C	22
4651	C	22
4652	C	22
4653	C	22
4654	C	22
4655	C	22
4656	C	22
4657	C	22
4658	C	22
4659	C	22
4660	C	22
4661	C	22
4662	C	22
4663	C	22
4664	C	22
4665	C	22
4666	C	22
4667	C	22
4668	C	22
4669	C	22
4670	C	22
4671	C	22
4672	C	22
4673	C	22
4674	C	22
4675	C	22
4676	C	22
4677	C	22
4678	C	22
4679	C	22
4680	C	22
4681	C	22
4682	C	22
4683	C	22
4684	C	22
4685	C	22
4686	C	22
4687	C	22
4688	C	22
4689	C	22
4690	C	22
4691	C	22
4692	C	22
4693	C	22
4694	C	22
4695	C	22
4696	C	22
4697	C	22
4698	C	22
4699	C	22
4700	C	22
4701	C	22
4702	C	22
4703	C	22
4704	C	22
4705	C	22
4706	C	22
4707	C	22
4708	C	22
4709	C	22
4710	C	22
4711	C	22
4712	C	22
4713	C	22
4714	C	22
4715	C	22
4716	C	22
4717	C	22
4718	C	22
4719	C	22
4720	C	22
4721	C	22
4722	C	22
4723	C	22
4724	C	22
4725	C	22
4726	C	22
4727	C	22
4728	C	22
4729	C	22
4730	C	22
4731	C	22
4732	C	22
4733	C	22
4734	C	22
4735	C	22
4736	C	22
4737	C	22
4738	C	22
4739	C	22
4740	C	22
4741	C	22
4742	C	22
4743	C	22
4744	C	22
4745	C	22
4746	C	22
4747	C	22
4748	C	22
4749	C	22
4750	C	22
4751	C	22
4752	C	22
4753	C	22
4754	C	22
4755	C	22
4756	C	22
4757	C	22
4758	C	22
4759	C	22
4760	C	22
4761	C	22
4762	C	22
4763	C	22
4764	C	22
4765	C	22
4766	C	22
4767	C	22
4768	C	22
4769	C	22
4770	C	22
4771	C	22
4772	C	22
4773	C	22
4774	C	22
4775	C	22
4776	C	22
4777	C	22
4778	C	22
4779	C	22
4780	C	22
4781	C	22
4782	C	22
4783	C	22
4784	C	22
4785	C	22
4786	C	22
4787	C	22
4788	C	22
4789	C	22
4790	C	22
4791	C	22
4792	C	22
4793	C	22
4794	C	22
4795	C	22
4796	C	22
4797	C	22
4798	C	22
4799	C	22
4800	C	22
4801	C	23
4802	C	23
4803	C	23
4804	C	23
4805	C	23
4806	C	23
4807	C	23
4808	C	23
4809	C	23
4810	C	23
4811	C	23
4812	C	23
4813	C	23
4814	C	23
4815	C	23
4816	C	23
4817	C	23
4818	C	23
4819	C	23
4820	C	23
4821	C	23
4822	C	23
4823	C	23
4824	C	23
4825	C	23
4826	C	23
4827	C	23
4828	C	23
4829	C	23
4830	C	23
4831	C	23
4832	C	23
4833	C	23
4834	C	23
4835	C	23
4836	C	23
4837	C	23
4838	C	23
4839	C	23
4840	C	23
4841	C	23
4842	C	23
4843	C	23
4844	C	23
4845	C	23
4846	C	23
4847	C	23
4848	C	23
4849	C	23
4850	C	23
4851	C	23
4852	C	23
4853	C	23
4854	C	23
4855	C	23
4856	C	23
4857	C	23
4858	C	23
4859	C	23
4860	C	23
4861	C	23
4862	C	23
4863	C	23
4864	C	23
4865	C	23
4866	C	23
4867	C	23
4868	C	23
4869	C	23
4870	C	23
4871	C	23
4872	C	23
4873	C	23
4874	C	23
4875	C	23
4876	C	23
4877	C	23
4878	C	23
4879	C	23
4880	C	23
4881	C	23
4882	C	23
4883	C	23
4884	C	23
4885	C	23
4886	C	23
4887	C	23
4888	C	23
4889	C	23
4890	C	23
4891	C	23
4892	C	23
4893	C	23
4894	C	23
4895	C	23
4896	C	23
4897	C	23
4898	C	23
4899	C	23
4900	C	23
4901	C	23
4902	C	23
4903	C	23
4904	C	23
4905	C	23
4906	C	23
4907	C	23
4908	C	23
4909	C	23
4910	C	23
4911	C	23
4912	C	23
4913	C	23
4914	C	23
4915	C	23
4916	C	23
4917	C	23
4918	C	23
4919	C	23
4920	C	23
4921	C	23
4922	C	23
4923	C	23
4924	C	23
4925	C	23
4926	C	23
4927	C	23
4928	C	23
4929	C	23
4930	C	23
4931	C	23
4932	C	23
4933	C	23
4934	C	23
4935	C	23
4936	C	23
4937	C	23
4938	C	23
4939	C	23
4940	C	23
4941	C	23
4942	C	23
4943	C	23
4944	C	23
4945	C	23
4946	C	23
4947	C	23
4948	C	23
4949	C	23
4950	C	23
4951	C	23
4952	C	23
4953	C	23
4954	C	23
4955	C	23
4956	C	23
4957	C	23
4958	C	23
4959	C	23
4960	C	23
4961	C	23
4962	C	23
4963	C	23
4964	C	23
4965	C	23
4966	C	23
4967	C	23
4968	C	23
4969	C	23
4970	C	23
4971	C	23
4972	C	23
4973	C	23
4974	C	23
4975	C	23
4976	C	23
4977	C	23
4978	C	23
4979	C	23
4980	C	23
4981	C	23
4982	C	23
4983	C	23
4984	C	23
4985	C	23
4986	C	23
4987	C	23
4988	C	23
4989	C	23
4990	C	23
4991	C	23
4992	C	23
4993	C	23
4994	C	23
4995	C	23
4996	C	23
4997	C	23
4998	C	23
4999	C	23
5000	C	23
5001	C	24
5002	C	24
5003	C	24
5004	C	24
5005	C	24
5006	C	24
5007	C	24
5008	C	24
5009	C	24
5010	C	24
5011	C	24
5012	C	24
5013	C	24
5014	C	24
5015	C	24
5016	C	24
5017	C	24
5018	C	24
5019	C	24
5020	C	24
5021	C	24
5022	C	24
5023	C	24
5024	C	24
5025	C	24
5026	C	24
5027	C	24
5028	C	24
5029	C	24
5030	C	24
5031	C	24
5032	C	24
5033	C	24
5034	C	24
5035	C	24
5036	C	24
5037	C	24
5038	C	24
5039	C	24
5040	C	24
5041	C	24
5042	C	24
5043	C	24
5044	C	24
5045	C	24
5046	C	24
5047	C	24
5048	C	24
5049	C	24
5050	C	24
5051	C	24
5052	C	24
5053	C	24
5054	C	24
5055	C	24
5056	C	24
5057	C	24
5058	C	24
5059	C	24
5060	C	24
5061	C	24
5062	C	24
5063	C	24
5064	C	24
5065	C	24
5066	C	24
5067	C	24
5068	C	24
5069	C	24
5070	C	24
5071	C	24
5072	C	24
5073	C	24
5074	C	24
5075	C	24
5076	C	24
5077	C	24
5078	C	24
5079	C	24
5080	C	24
5081	C	24
5082	C	24
5083	C	24
5084	C	24
5085	C	24
5086	C	24
5087	C	24
5088	C	24
5089	C	24
5090	C	24
5091	C	24
5092	C	24
5093	C	24
5094	C	24
5095	C	24
5096	C	24
5097	C	24
5098	C	24
5099	C	24
5100	C	24
5101	C	24
5102	C	24
5103	C	24
5104	C	24
5105	C	24
5106	C	24
5107	C	24
5108	C	24
5109	C	24
5110	C	24
5111	C	24
5112	C	24
5113	C	24
5114	C	24
5115	C	24
5116	C	24
5117	C	24
5118	C	24
5119	C	24
5120	C	24
5121	C	24
5122	C	24
5123	C	24
5124	C	24
5125	C	24
5126	C	24
5127	C	24
5128	C	24
5129	C	24
5130	C	24
5131	C	24
5132	C	24
5133	C	24
5134	C	24
5135	C	24
5136	C	24
5137	C	24
5138	C	24
5139	C	24
5140	C	24
5141	C	24
5142	C	24
5143	C	24
5144	C	24
5145	C	24
5146	C	24
5147	C	24
5148	C	24
5149	C	24
5150	C	24
5151	C	24
5152	C	24
5153	C	24
5154	C	24
5155	C	24
5156	C	24
5157	C	24
5158	C	24
5159	C	24
5160	C	24
5161	C	24
5162	C	24
5163	C	24
5164	C	24
5165	C	24
5166	C	24
5167	C	24
5168	C	24
5169	C	24
5170	C	24
5171	C	24
5172	C	24
5173	C	24
5174	C	24
5175	C	24
5176	C	24
5177	C	24
5178	C	24
5179	C	24
5180	C	24
5181	C	24
5182	C	24
5183	C	24
5184	C	24
5185	C	24
5186	C	24
5187	C	24
5188	C	24
5189	C	24
5190	C	24
5191	C	24
5192	C	24
5193	C	24
5194	C	24
5195	C	24
5196	C	24
5197	C	24
5198	C	24
5199	C	24
5200	C	24
5201	C	25
5202	C	25
5203	C	25
5204	C	25
5205	C	25
5206	C	25
5207	C	25
5208	C	25
5209	C	25
5210	C	25
5211	C	25
5212	C	25
5213	C	25
5214	C	25
5215	C	25
5216	C	25
5217	C	25
5218	C	25
5219	C	25
5220	C	25
5221	C	25
5222	C	25
5223	C	25
5224	C	25
5225	C	25
5226	C	25
5227	C	25
5228	C	25
5229	C	25
5230	C	25
5231	C	25
5232	C	25
5233	C	25
5234	C	25
5235	C	25
5236	C	25
5237	C	25
5238	C	25
5239	C	25
5240	C	25
5241	C	25
5242	C	25
5243	C	25
5244	C	25
5245	C	25
5246	C	25
5247	C	25
5248	C	25
5249	C	25
5250	C	25
5251	C	25
5252	C	25
5253	C	25
5254	C	25
5255	C	25
5256	C	25
5257	C	25
5258	C	25
5259	C	25
5260	C	25
5261	C	25
5262	C	25
5263	C	25
5264	C	25
5265	C	25
5266	C	25
5267	C	25
5268	C	25
5269	C	25
5270	C	25
5271	C	25
5272	C	25
5273	C	25
5274	C	25
5275	C	25
5276	C	25
5277	C	25
5278	C	25
5279	C	25
5280	C	25
5281	C	25
5282	C	25
5283	C	25
5284	C	25
5285	C	25
5286	C	25
5287	C	25
5288	C	25
5289	C	25
5290	C	25
5291	C	25
5292	C	25
5293	C	25
5294	C	25
5295	C	25
5296	C	25
5297	C	25
5298	C	25
5299	C	25
5300	C	25
5301	C	25
5302	C	25
5303	C	25
5304	C	25
5305	C	25
5306	C	25
5307	C	25
5308	C	25
5309	C	25
5310	C	25
5311	C	25
5312	C	25
5313	C	25
5314	C	25
5315	C	25
5316	C	25
5317	C	25
5318	C	25
5319	C	25
5320	C	25
5321	C	25
5322	C	25
5323	C	25
5324	C	25
5325	C	25
5326	C	25
5327	C	25
5328	C	25
5329	C	25
5330	C	25
5331	C	25
5332	C	25
5333	C	25
5334	C	25
5335	C	25
5336	C	25
5337	C	25
5338	C	25
5339	C	25
5340	C	25
5341	C	25
5342	C	25
5343	C	25
5344	C	25
5345	C	25
5346	C	25
5347	C	25
5348	C	25
5349	C	25
5350	C	25
5351	C	25
5352	C	25
5353	C	25
5354	C	25
5355	C	25
5356	C	25
5357	C	25
5358	C	25
5359	C	25
5360	C	25
5361	C	25
5362	C	25
5363	C	25
5364	C	25
5365	C	25
5366	C	25
5367	C	25
5368	C	25
5369	C	25
5370	C	25
5371	C	25
5372	C	25
5373	C	25
5374	C	25
5375	C	25
5376	C	25
5377	C	25
5378	C	25
5379	C	25
5380	C	25
5381	C	25
5382	C	25
5383	C	25
5384	C	25
5385	C	25
5386	C	25
5387	C	25
5388	C	25
5389	C	25
5390	C	25
5391	C	25
5392	C	25
5393	C	25
5394	C	25
5395	C	25
5396	C	25
5397	C	25
5398	C	25
5399	C	25
5400	C	25
5401	C	26
5402	C	26
5403	C	26
5404	C	26
5405	C	26
5406	C	26
5407	C	26
5408	C	26
5409	C	26
5410	C	26
5411	C	26
5412	C	26
5413	C	26
5414	C	26
5415	C	26
5416	C	26
5417	C	26
5418	C	26
5419	C	26
5420	C	26
5421	C	26
5422	C	26
5423	C	26
5424	C	26
5425	C	26
5426	C	26
5427	C	26
5428	C	26
5429	C	26
5430	C	26
5431	C	26
5432	C	26
5433	C	26
5434	C	26
5435	C	26
5436	C	26
5437	C	26
5438	C	26
5439	C	26
5440	C	26
5441	C	26
5442	C	26
5443	C	26
5444	C	26
5445	C	26
5446	C	26
5447	C	26
5448	C	26
5449	C	26
5450	C	26
5451	C	26
5452	C	26
5453	C	26
5454	C	26
5455	C	26
5456	C	26
5457	C	26
5458	C	26
5459	C	26
5460	C	26
5461	C	26
5462	C	26
5463	C	26
5464	C	26
5465	C	26
5466	C	26
5467	C	26
5468	C	26
5469	C	26
5470	C	26
5471	C	26
5472	C	26
5473	C	26
5474	C	26
5475	C	26
5476	C	26
5477	C	26
5478	C	26
5479	C	26
5480	C	26
5481	C	26
5482	C	26
5483	C	26
5484	C	26
5485	C	26
5486	C	26
5487	C	26
5488	C	26
5489	C	26
5490	C	26
5491	C	26
5492	C	26
5493	C	26
5494	C	26
5495	C	26
5496	C	26
5497	C	26
5498	C	26
5499	C	26
5500	C	26
5501	C	26
5502	C	26
5503	C	26
5504	C	26
5505	C	26
5506	C	26
5507	C	26
5508	C	26
5509	C	26
5510	C	26
5511	C	26
5512	C	26
5513	C	26
5514	C	26
5515	C	26
5516	C	26
5517	C	26
5518	C	26
5519	C	26
5520	C	26
5521	C	26
5522	C	26
5523	C	26
5524	C	26
5525	C	26
5526	C	26
5527	C	26
5528	C	26
5529	C	26
5530	C	26
5531	C	26
5532	C	26
5533	C	26
5534	C	26
5535	C	26
5536	C	26
5537	C	26
5538	C	26
5539	C	26
5540	C	26
5541	C	26
5542	C	26
5543	C	26
5544	C	26
5545	C	26
5546	C	26
5547	C	26
5548	C	26
5549	C	26
5550	C	26
5551	C	26
5552	C	26
5553	C	26
5554	C	26
5555	C	26
5556	C	26
5557	C	26
5558	C	26
5559	C	26
5560	C	26
5561	C	26
5562	C	26
5563	C	26
5564	C	26
5565	C	26
5566	C	26
5567	C	26
5568	C	26
5569	C	26
5570	C	26
5571	C	26
5572	C	26
5573	C	26
5574	C	26
5575	C	26
5576	C	26
5577	C	26
5578	C	26
5579	C	26
5580	C	26
5581	C	26
5582	C	26
5583	C	26
5584	C	26
5585	C	26
5586	C	26
5587	C	26
5588	C	26
5589	C	26
5590	C	26
5591	C	26
5592	C	26
5593	C	26
5594	C	26
5595	C	26
5596	C	26
5597	C	26
5598	C	26
5599	C	26
5600	C	26
5601	C	27
5602	C	27
5603	C	27
5604	C	27
5605	C	27
5606	C	27
5607	C	27
5608	C	27
5609	C	27
5610	C	27
5611	C	27
5612	C	27
5613	C	27
5614	C	27
5615	C	27
5616	C	27
5617	C	27
5618	C	27
5619	C	27
5620	C	27
5621	C	27
5622	C	27
5623	C	27
5624	C	27
5625	C	27
5626	C	27
5627	C	27
5628	C	27
5629	C	27
5630	C	27
5631	C	27
5632	C	27
5633	C	27
5634	C	27
5635	C	27
5636	C	27
5637	C	27
5638	C	27
5639	C	27
5640	C	27
5641	C	27
5642	C	27
5643	C	27
5644	C	27
5645	C	27
5646	C	27
5647	C	27
5648	C	27
5649	C	27
5650	C	27
5651	C	27
5652	C	27
5653	C	27
5654	C	27
5655	C	27
5656	C	27
5657	C	27
5658	C	27
5659	C	27
5660	C	27
5661	C	27
5662	C	27
5663	C	27
5664	C	27
5665	C	27
5666	C	27
5667	C	27
5668	C	27
5669	C	27
5670	C	27
5671	C	27
5672	C	27
5673	C	27
5674	C	27
5675	C	27
5676	C	27
5677	C	27
5678	C	27
5679	C	27
5680	C	27
5681	C	27
5682	C	27
5683	C	27
5684	C	27
5685	C	27
5686	C	27
5687	C	27
5688	C	27
5689	C	27
5690	C	27
5691	C	27
5692	C	27
5693	C	27
5694	C	27
5695	C	27
5696	C	27
5697	C	27
5698	C	27
5699	C	27
5700	C	27
5701	C	27
5702	C	27
5703	C	27
5704	C	27
5705	C	27
5706	C	27
5707	C	27
5708	C	27
5709	C	27
5710	C	27
5711	C	27
5712	C	27
5713	C	27
5714	C	27
5715	C	27
5716	C	27
5717	C	27
5718	C	27
5719	C	27
5720	C	27
5721	C	27
5722	C	27
5723	C	27
5724	C	27
5725	C	27
5726	C	27
5727	C	27
5728	C	27
5729	C	27
5730	C	27
5731	C	27
5732	C	27
5733	C	27
5734	C	27
5735	C	27
5736	C	27
5737	C	27
5738	C	27
5739	C	27
5740	C	27
5741	C	27
5742	C	27
5743	C	27
5744	C	27
5745	C	27
5746	C	27
5747	C	27
5748	C	27
5749	C	27
5750	C	27
5751	C	27
5752	C	27
5753	C	27
5754	C	27
5755	C	27
5756	C	27
5757	C	27
5758	C	27
5759	C	27
5760	C	27
5761	C	27
5762	C	27
5763	C	27
5764	C	27
5765	C	27
5766	C	27
5767	C	27
5768	C	27
5769	C	27
5770	C	27
5771	C	27
5772	C	27
5773	C	27
5774	C	27
5775	C	27
5776	C	27
5777	C	27
5778	C	27
5779	C	27
5780	C	27
5781	C	27
5782	C	27
5783	C	27
5784	C	27
5785	C	27
5786	C	27
5787	C	27
5788	C	27
5789	C	27
5790	C	27
5791	C	27
5792	C	27
5793	C	27
5794	C	27
5795	C	27
5796	C	27
5797	C	27
5798	C	27
5799	C	27
5800	C	27
5801	C	28
5802	C	28
5803	C	28
5804	C	28
5805	C	28
5806	C	28
5807	C	28
5808	C	28
5809	C	28
5810	C	28
5811	C	28
5812	C	28
5813	C	28
5814	C	28
5815	C	28
5816	C	28
5817	C	28
5818	C	28
5819	C	28
5820	C	28
5821	C	28
5822	C	28
5823	C	28
5824	C	28
5825	C	28
5826	C	28
5827	C	28
5828	C	28
5829	C	28
5830	C	28
5831	C	28
5832	C	28
5833	C	28
5834	C	28
5835	C	28
5836	C	28
5837	C	28
5838	C	28
5839	C	28
5840	C	28
5841	C	28
5842	C	28
5843	C	28
5844	C	28
5845	C	28
5846	C	28
5847	C	28
5848	C	28
5849	C	28
5850	C	28
5851	C	28
5852	C	28
5853	C	28
5854	C	28
5855	C	28
5856	C	28
5857	C	28
5858	C	28
5859	C	28
5860	C	28
5861	C	28
5862	C	28
5863	C	28
5864	C	28
5865	C	28
5866	C	28
5867	C	28
5868	C	28
5869	C	28
5870	C	28
5871	C	28
5872	C	28
5873	C	28
5874	C	28
5875	C	28
5876	C	28
5877	C	28
5878	C	28
5879	C	28
5880	C	28
5881	C	28
5882	C	28
5883	C	28
5884	C	28
5885	C	28
5886	C	28
5887	C	28
5888	C	28
5889	C	28
5890	C	28
5891	C	28
5892	C	28
5893	C	28
5894	C	28
5895	C	28
5896	C	28
5897	C	28
5898	C	28
5899	C	28
5900	C	28
5901	C	28
5902	C	28
5903	C	28
5904	C	28
5905	C	28
5906	C	28
5907	C	28
5908	C	28
5909	C	28
5910	C	28
5911	C	28
5912	C	28
5913	C	28
5914	C	28
5915	C	28
5916	C	28
5917	C	28
5918	C	28
5919	C	28
5920	C	28
5921	C	28
5922	C	28
5923	C	28
5924	C	28
5925	C	28
5926	C	28
5927	C	28
5928	C	28
5929	C	28
5930	C	28
5931	C	28
5932	C	28
5933	C	28
5934	C	28
5935	C	28
5936	C	28
5937	C	28
5938	C	28
5939	C	28
5940	C	28
5941	C	28
5942	C	28
5943	C	28
5944	C	28
5945	C	28
5946	C	28
5947	C	28
5948	C	28
5949	C	28
5950	C	28
5951	C	28
5952	C	28
5953	C	28
5954	C	28
5955	C	28
5956	C	28
5957	C	28
5958	C	28
5959	C	28
5960	C	28
5961	C	28
5962	C	28
5963	C	28
5964	C	28
5965	C	28
5966	C	28
5967	C	28
5968	C	28
5969	C	28
5970	C	28
5971	C	28
5972	C	28
5973	C	28
5974	C	28
5975	C	28
5976	C	28
5977	C	28
5978	C	28
5979	C	28
5980	C	28
5981	C	28
5982	C	28
5983	C	28
5984	C	28
5985	C	28
5986	C	28
5987	C	28
5988	C	28
5989	C	28
5990	C	28
5991	C	28
5992	C	28
5993	C	28
5994	C	28
5995	C	28
5996	C	28
5997	C	28
5998	C	28
5999	C	28
6000	C	28
6001	C	29
6002	C	29
6003	C	29
6004	C	29
6005	C	29
6006	C	29
6007	C	29
6008	C	29
6009	C	29
6010	C	29
6011	C	29
6012	C	29
6013	C	29
6014	C	29
6015	C	29
6016	C	29
6017	C	29
6018	C	29
6019	C	29
6020	C	29
6021	C	29
6022	C	29
6023	C	29
6024	C	29
6025	C	29
6026	C	29
6027	C	29
6028	C	29
6029	C	29
6030	C	29
6031	C	29
6032	C	29
6033	C	29
6034	C	29
6035	C	29
6036	C	29
6037	C	29
6038	C	29
6039	C	29
6040	C	29
6041	C	29
6042	C	29
6043	C	29
6044	C	29
6045	C	29
6046	C	29
6047	C	29
6048	C	29
6049	C	29
6050	C	29
6051	C	29
6052	C	29
6053	C	29
6054	C	29
6055	C	29
6056	C	29
6057	C	29
6058	C	29
6059	C	29
6060	C	29
6061	C	29
6062	C	29
6063	C	29
6064	C	29
6065	C	29
6066	C	29
6067	C	29
6068	C	29
6069	C	29
6070	C	29
6071	C	29
6072	C	29
6073	C	29
6074	C	29
6075	C	29
6076	C	29
6077	C	29
6078	C	29
6079	C	29
6080	C	29
6081	C	29
6082	C	29
6083	C	29
6084	C	29
6085	C	29
6086	C	29
6087	C	29
6088	C	29
6089	C	29
6090	C	29
6091	C	29
6092	C	29
6093	C	29
6094	C	29
6095	C	29
6096	C	29
6097	C	29
6098	C	29
6099	C	29
6100	C	29
6101	C	29
6102	C	29
6103	C	29
6104	C	29
6105	C	29
6106	C	29
6107	C	29
6108	C	29
6109	C	29
6110	C	29
6111	C	29
6112	C	29
6113	C	29
6114	C	29
6115	C	29
6116	C	29
6117	C	29
6118	C	29
6119	C	29
6120	C	29
6121	C	29
6122	C	29
6123	C	29
6124	C	29
6125	C	29
6126	C	29
6127	C	29
6128	C	29
6129	C	29
6130	C	29
6131	C	29
6132	C	29
6133	C	29
6134	C	29
6135	C	29
6136	C	29
6137	C	29
6138	C	29
6139	C	29
6140	C	29
6141	C	29
6142	C	29
6143	C	29
6144	C	29
6145	C	29
6146	C	29
6147	C	29
6148	C	29
6149	C	29
6150	C	29
6151	C	29
6152	C	29
6153	C	29
6154	C	29
6155	C	29
6156	C	29
6157	C	29
6158	C	29
6159	C	29
6160	C	29
6161	C	29
6162	C	29
6163	C	29
6164	C	29
6165	C	29
6166	C	29
6167	C	29
6168	C	29
6169	C	29
6170	C	29
6171	C	29
6172	C	29
6173	C	29
6174	C	29
6175	C	29
6176	C	29
6177	C	29
6178	C	29
6179	C	29
6180	C	29
6181	C	29
6182	C	29
6183	C	29
6184	C	29
6185	C	29
6186	C	29
6187	C	29
6188	C	29
6189	C	29
6190	C	29
6191	C	29
6192	C	29
6193	C	29
6194	C	29
6195	C	29
6196	C	29
6197	C	29
6198	C	29
6199	C	29
6200	C	29
6201	C	30
6202	C	30
6203	C	30
6204	C	30
6205	C	30
6206	C	30
6207	C	30
6208	C	30
6209	C	30
6210	C	30
6211	C	30
6212	C	30
6213	C	30
6214	C	30
6215	C	30
6216	C	30
6217	C	30
6218	C	30
6219	C	30
6220	C	30
6221	C	30
6222	C	30
6223	C	30
6224	C	30
6225	C	30
6226	C	30
6227	C	30
6228	C	30
6229	C	30
6230	C	30
6231	C	30
6232	C	30
6233	C	30
6234	C	30
6235	C	30
6236	C	30
6237	C	30
6238	C	30
6239	C	30
6240	C	30
6241	C	30
6242	C	30
6243	C	30
6244	C	30
6245	C	30
6246	C	30
6247	C	30
6248	C	30
6249	C	30
6250	C	30
6251	C	30
6252	C	30
6253	C	30
6254	C	30
6255	C	30
6256	C	30
6257	C	30
6258	C	30
6259	C	30
6260	C	30
6261	C	30
6262	C	30
6263	C	30
6264	C	30
6265	C	30
6266	C	30
6267	C	30
6268	C	30
6269	C	30
6270	C	30
6271	C	30
6272	C	30
6273	C	30
6274	C	30
6275	C	30
6276	C	30
6277	C	30
6278	C	30
6279	C	30
6280	C	30
6281	C	30
6282	C	30
6283	C	30
6284	C	30
6285	C	30
6286	C	30
6287	C	30
6288	C	30
6289	C	30
6290	C	30
6291	C	30
6292	C	30
6293	C	30
6294	C	30
6295	C	30
6296	C	30
6297	C	30
6298	C	30
6299	C	30
6300	C	30
6301	C	30
6302	C	30
6303	C	30
6304	C	30
6305	C	30
6306	C	30
6307	C	30
6308	C	30
6309	C	30
6310	C	30
6311	C	30
6312	C	30
6313	C	30
6314	C	30
6315	C	30
6316	C	30
6317	C	30
6318	C	30
6319	C	30
6320	C	30
6321	C	30
6322	C	30
6323	C	30
6324	C	30
6325	C	30
6326	C	30
6327	C	30
6328	C	30
6329	C	30
6330	C	30
6331	C	30
6332	C	30
6333	C	30
6334	C	30
6335	C	30
6336	C	30
6337	C	30
6338	C	30
6339	C	30
6340	C	30
6341	C	30
6342	C	30
6343	C	30
6344	C	30
6345	C	30
6346	C	30
6347	C	30
6348	C	30
6349	C	30
6350	C	30
6351	C	30
6352	C	30
6353	C	30
6354	C	30
6355	C	30
6356	C	30
6357	C	30
6358	C	30
6359	C	30
6360	C	30
6361	C	30
6362	C	30
6363	C	30
6364	C	30
6365	C	30
6366	C	30
6367	C	30
6368	C	30
6369	C	30
6370	C	30
6371	C	30
6372	C	30
6373	C	30
6374	C	30
6375	C	30
6376	C	30
6377	C	30
6378	C	30
6379	C	30
6380	C	30
6381	C	30
6382	C	30
6383	C	30
6384	C	30
6385	C	30
6386	C	30
6387	C	30
6388	C	30
6389	C	30
6390	C	30
6391	C	30
6392	C	30
6393	C	30
6394	C	30
6395	C	30
6396	C	30
6397	C	30
6398	C	30
6399	C	30
6400	C	30
6401	C	31
6402	C	31
6403	C	31
6404	C	31
6405	C	31
6406	C	31
6407	C	31
6408	C	31
6409	C	31
6410	C	31
6411	C	31
6412	C	31
6413	C	31
6414	C	31
6415	C	31
6416	C	31
6417	C	31
6418	C	31
6419	C	31
6420	C	31
6421	C	31
6422	C	31
6423	C	31
6424	C	31
6425	C	31
6426	C	31
6427	C	31
6428	C	31
6429	C	31
6430	C	31
6431	C	31
6432	C	31
6433	C	31
6434	C	31
6435	C	31
6436	C	31
6437	C	31
6438	C	31
6439	C	31
6440	C	31
6441	C	31
6442	C	31
6443	C	31
6444	C	31
6445	C	31
6446	C	31
6447	C	31
6448	C	31
6449	C	31
6450	C	31
6451	C	31
6452	C	31
6453	C	31
6454	C	31
6455	C	31
6456	C	31
6457	C	31
6458	C	31
6459	C	31
6460	C	31
6461	C	31
6462	C	31
6463	C	31
6464	C	31
6465	C	31
6466	C	31
6467	C	31
6468	C	31
6469	C	31
6470	C	31
6471	C	31
6472	C	31
6473	C	31
6474	C	31
6475	C	31
6476	C	31
6477	C	31
6478	C	31
6479	C	31
6480	C	31
6481	C	31
6482	C	31
6483	C	31
6484	C	31
6485	C	31
6486	C	31
6487	C	31
6488	C	31
6489	C	31
6490	C	31
6491	C	31
6492	C	31
6493	C	31
6494	C	31
6495	C	31
6496	C	31
6497	C	31
6498	C	31
6499	C	31
6500	C	31
6501	C	31
6502	C	31
6503	C	31
6504	C	31
6505	C	31
6506	C	31
6507	C	31
6508	C	31
6509	C	31
6510	C	31
6511	C	31
6512	C	31
6513	C	31
6514	C	31
6515	C	31
6516	C	31
6517	C	31
6518	C	31
6519	C	31
6520	C	31
6521	C	31
6522	C	31
6523	C	31
6524	C	31
6525	C	31
6526	C	31
6527	C	31
6528	C	31
6529	C	31
6530	C	31
6531	C	31
6532	C	31
6533	C	31
6534	C	31
6535	C	31
6536	C	31
6537	C	31
6538	C	31
6539	C	31
6540	C	31
6541	C	31
6542	C	31
6543	C	31
6544	C	31
6545	C	31
6546	C	31
6547	C	31
6548	C	31
6549	C	31
6550	C	31
6551	C	31
6552	C	31
6553	C	31
6554	C	31
6555	C	31
6556	C	31
6557	C	31
6558	C	31
6559	C	31
6560	C	31
6561	C	31
6562	C	31
6563	C	31
6564	C	31
6565	C	31
6566	C	31
6567	C	31
6568	C	31
6569	C	31
6570	C	31
6571	C	31
6572	C	31
6573	C	31
6574	C	31
6575	C	31
6576	C	31
6577	C	31
6578	C	31
6579	C	31
6580	C	31
6581	C	31
6582	C	31
6583	C	31
6584	C	31
6585	C	31
6586	C	31
6587	C	31
6588	C	31
6589	C	31
6590	C	31
6591	C	31
6592	C	31
6593	C	31
6594	C	31
6595	C	31
6596	C	31
6597	C	31
6598	C	31
6599	C	31
6600	C	31
6601	C	32
6602	C	32
6603	C	32
6604	C	32
6605	C	32
6606	C	32
6607	C	32
6608	C	32
6609	C	32
6610	C	32
6611	C	32
6612	C	32
6613	C	32
6614	C	32
6615	C	32
6616	C	32
6617	C	32
6618	C	32
6619	C	32
6620	C	32
6621	C	32
6622	C	32
6623	C	32
6624	C	32
6625	C	32
6626	C	32
6627	C	32
6628	C	32
6629	C	32
6630	C	32
6631	C	32
6632	C	32
6633	C	32
6634	C	32
6635	C	32
6636	C	32
6637	C	32
6638	C	32
6639	C	32
6640	C	32
6641	C	32
6642	C	32
6643	C	32
6644	C	32
6645	C	32
6646	C	32
6647	C	32
6648	C	32
6649	C	32
6650	C	32
6651	C	32
6652	C	32
6653	C	32
6654	C	32
6655	C	32
6656	C	32
6657	C	32
6658	C	32
6659	C	32
6660	C	32
6661	C	32
6662	C	32
6663	C	32
6664	C	32
6665	C	32
6666	C	32
6667	C	32
6668	C	32
6669	C	32
6670	C	32
6671	C	32
6672	C	32
6673	C	32
6674	C	32
6675	C	32
6676	C	32
6677	C	32
6678	C	32
6679	C	32
6680	C	32
6681	C	32
6682	C	32
6683	C	32
6684	C	32
6685	C	32
6686	C	32
6687	C	32
6688	C	32
6689	C	32
6690	C	32
6691	C	32
6692	C	32
6693	C	32
6694	C	32
6695	C	32
6696	C	32
6697	C	32
6698	C	32
6699	C	32
6700	C	32
6701	C	32
6702	C	32
6703	C	32
6704	C	32
6705	C	32
6706	C	32
6707	C	32
6708	C	32
6709	C	32
6710	C	32
6711	C	32
6712	C	32
6713	C	32
6714	C	32
6715	C	32
6716	C	32
6717	C	32
6718	C	32
6719	C	32
6720	C	32
6721	C	32
6722	C	32
6723	C	32
6724	C	32
6725	C	32
6726	C	32
6727	C	32
6728	C	32
6729	C	32
6730	C	32
6731	C	32
6732	C	32
6733	C	32
6734	C	32
6735	C	32
6736	C	32
6737	C	32
6738	C	32
6739	C	32
6740	C	32
6741	C	32
6742	C	32
6743	C	32
6744	C	32
6745	C	32
6746	C	32
6747	C	32
6748	C	32
6749	C	32
6750	C	32
6751	C	32
6752	C	32
6753	C	32
6754	C	32
6755	C	32
6756	C	32
6757	C	32
6758	C	32
6759	C	32
6760	C	32
6761	C	32
6762	C	32
6763	C	32
6764	C	32
6765	C	32
6766	C	32
6767	C	32
6768	C	32
6769	C	32
6770	C	32
6771	C	32
6772	C	32
6773	C	32
6774	C	32
6775	C	32
6776	C	32
6777	C	32
6778	C	32
6779	C	32
6780	C	32
6781	C	32
6782	C	32
6783	C	32
6784	C	32
6785	C	32
6786	C	32
6787	C	32
6788	C	32
6789	C	32
6790	C	32
6791	C	32
6792	C	32
6793	C	32
6794	C	32
6795	C	32
6796	C	32
6797	C	32
6798	C	32
6799	C	32
6800	C	32
